,Close,Close,Close,Close,Close,Close,Close,Close,Close,Close,Close,Close,Close,Close,Close,Close,Close,Close,Close,Close,Close,Close,Close,Close,Close,Close,Close,Close,Close,Close,Close,Close,Close,Close,Close,Close,Close,Close,Close,Close,Close,Close,Close,Close,Close,Close,Close,Close,Close,Close,Close,Close,Close,Close,Close,Close,Close,Close,Close,Close,Close,Close,Close,Close,Close,Close,Close,Close,Close,Close,Close,Close,Close,Close,Close,Close,Close,Close,Close,Close,Close,Close,Close,Close,Close,Close,Close,Close,Close,Close,Close,Close,Close,Close,Close,Close,Close,Close,Close,Close,Close,Close,Close,Close,Close,Close,Close,Close,Close,Close,Close,Close,Close,Close,Close,Close,Close,Close,Close,Close,Close,Close,Close,Close,Close,Close,Close,Close,Close,Close,Close,Close,Close,Close,Close,Close,Close,Close,Close,Close,Close,Close,Close,Close,Close,Close,Close,Close,Close,Close,Close,Close,Close,Close,Close,Close,Close,Close,Close,Close,Close
,ACC       ,ADANIENT.NS  ,ADANIPORTS.NS,ADANIPOWER.NS,AMARAJABAT.NS,AMBUJACEM.NS,APOLLOHOSP.NS,APOLLOTYRE.NS,ARVIND.NS    ,ASHOKLEY.NS  ,ASIANPAINT.NS,AUROPHARMA.NS,AXISBANK.NS  ,BAJAJ-AUTO.NS,BAJAJFINSV.NS,BAJFINANCE.NS,BALKRISIND.NS,BANKBARODA.NS,BANKINDIA.NS ,BATAINDIA.NS ,BEL.NS       ,BERGEPAINT.NS,BHARATFORG.NS,BHARTIARTL.NS,BHEL.NS      ,BIOCON.NS    ,BOSCHLTD.NS  ,BPCL.NS      ,BRITANNIA.NS ,BSOFT.NS    ,CADILAHC.NS ,CANBK.NS     ,CASTROLIND.NS,CENTURYTEX.NS,CESC.NS      ,CHOLAFIN.NS  ,CIPLA.NS     ,COALINDIA.NS ,COLPAL.NS    ,CONCOR.NS    ,CUMMINSIND.NS,DABUR.NS     ,DHFL.NS     ,DISHTV.NS    ,DIVISLAB.NS,DLF.NS      ,DRREDDY.NS   ,EICHERMOT.NS ,ENGINERSIN.NS,EQUITAS.NS   ,ESCORTS.NS   ,EXIDEIND.NS  ,FEDERALBNK.NS,GAIL.NS      ,GLENMARK.NS  ,GMRINFRA.NS  ,GODREJCP.NS  ,GRASIM.NS    ,HAVELLS.NS   ,HCLTECH.NS   ,HDFC.NS      ,HDFCBANK.NS  ,HEROMOTOCO.NS,HEXAWARE.NS  ,HINDALCO.NS  ,HINDPETRO.NS ,HINDUNILVR.NS,HINDZINC.NS  ,IBULHSGFIN.NS,ICICIBANK.NS ,ICICIPRULI.NS,IDBI.NS      ,IDEA.NS      ,IDFCFIRSTB.NS,IGL.NS       ,INDIGO.NS    ,INDUSINDBK.NS,INFRATEL.NS  ,INFY.NS      ,IOC.NS      ,ITC.NS      ,JINDALSTEL.NS,JSWSTEEL.NS ,JUBLFOOD.NS  ,JUSTDIAL.NS  ,KAJARIACER.NS,KOTAKBANK.NS,L&TFH.NS     ,LICHSGFIN.NS ,LT.NS       ,LUPIN.NS     ,M&M.NS       ,M&MFIN.NS    ,MANAPPURAM.NS,MARICO.NS    ,MARUTI.NS    ,MCDOWELL-N.NS,MCX.NS       ,MFSL.NS      ,MGL.NS      ,MINDTREE.NS  ,MOTHERSUMI.NS,MRF.NS       ,MUTHOOTFIN.NS,NATIONALUM.NS,NBCC.NS      ,NCC.NS      ,NESTLEIND.NS ,NIITTECH.NS  ,NMDC.NS      ,NTPC.NS      ,OFSS.NS     ,OIL.NS       ,ONGC.NS      ,PAGEIND.NS   ,PEL.NS      ,PETRONET.NS  ,PFC.NS      ,PIDILITIND.NS,PNB.NS       ,POWERGRID.NS,PVR.NS       ,RAMCOCEM.NS  ,RAYMOND.NS   ,RBLBANK.NS   ,RECLTD.NS,RELCAPITAL.NS,RELIANCE.NS  ,RELINFRA.NS  ,SAIL.NS      ,SBIN.NS      ,SHREECEM.NS  ,SIEMENS.NS   ,SRF.NS       ,SRTRANSFIN.NS,STAR.NS      ,SUNPHARMA.NS,SUNTV.NS     ,TATACHEM.NS  ,TATAELXSI.NS,TATAGLOBAL.NS,TATAMOTORS.NS,TATAMTRDVR.NS,TATAPOWER.NS ,TATASTEEL.NS ,TCS.NS       ,TECHM.NS     ,TITAN.NS     ,TORNTPHARM.NS,TORNTPOWER.NS,TVSMOTOR.NS  ,UBL.NS       ,UJJIVAN.NS   ,ULTRACEMCO.NS,UNIONBANK.NS ,UPL.NS      ,VEDL.NS      ,VOLTAS.NS   ,WIPRO.NS     ,YESBANK.NS   ,ZEEL.NS     
Date,,,,,,,,,,,,,,,,,,,,,,,,,,,,,,,,,,,,,,,,,,,,,,,,,,,,,,,,,,,,,,,,,,,,,,,,,,,,,,,,,,,,,,,,,,,,,,,,,,,,,,,,,,,,,,,,,,,,,,,,,,,,,,,,,,,,,,,,,,,,,,,,,,,,,,,,,,,,,,,,,
04-06-2021 00:00,48.25,1700.949951,833.8499756,105.75,758.5999756,332.0499878,3380.149902,230.6000061,78.59999847,128.3999939,2924.899902,959.0499878,742.0499878,4250.049805,12155.65039,5993.450195,2213.199951,81.84999847,82.40000153,,,796.3499756,750.9000244,532.7000122,,,15636.84961,,,,,,141.0500031,508.8999939,,,,,,,810.7000122,,,,4261.600098,,,,84.25,,,,87.84999847,,,,,,,,,,3048.399902,,,,2342.050049,,261.3500061,,578.25,,,59.79999924,,,1009.299988,,,,,398.6000061,,,,989.5499878,1811.199951,,,,,,,162.4499969,,,629.3499756,,,,,252.0500031,,1509.349976,72.75,48.34999847,81.25,17426.80078,,193.3000031,111.75,3514.949951,141.3500061,125.4499969,31043.69922,1928.099976,244.9499969,122.1999969,2079.399902,,169.6125488,,,,,150.6499939,16.04999924,,,,,,,,1423.199951,,673.9500122,,,3566.149902,,334.9500122,151.8999939,108.1500015,1120.699951,3143.75,1019.200012,1679.5,2811.550049,431.3999939,623.4000244,1337.099976,217.75,6664.299805,35.45000076,836.25,280.8500061,1104.449951,541.2000122,13.75,218.3000031
07-06-2021 00:00,48.52999878,1624.300049,878.5999756,126.9000015,760.5,339.0499878,3315.300049,237.3999939,78.5,128.3999939,2933.100098,959.5,751.0999756,4249.75,11828.5498,5729.75,2244.649902,82.90000153,84.59999847,,,810.6500244,750,536.4500122,,,15649.25,,,,,,153.3000031,518.75,,,,,,,812.9500122,,,,4229.950195,,,,88.19999695,,,,87.55000305,,,,,,,,,,3052.25,,,,2339.300049,,247.8000031,,582.1500244,,,60.40000153,,,1025.199951,,,,,404.75,,,,992.0499878,1814.900024,,,,,,,165.3999939,,,633.3499756,,,,,253.3500061,,1513.150024,74.19999695,49.79999924,82.30000305,17532.55078,,182.3000031,116.4000015,3557.550049,143.1000061,125.1500015,30860.80078,1960.75,249.3500061,125.75,2084.399902,,177.1875458,,,,,153.6000061,16.85000038,,,,,,,,1487.449951,,675.3499756,,,3613,,345.5,156.3500061,113.3499985,1128.699951,3183.199951,1034.400024,1685.099976,2824.800049,461.2000122,648.7999878,1346.050049,215.25,6849.649902,35.59999847,850.5,278,1096.800049,548.25,15.05000019,217.6000061
08-06-2021 00:00,48.77000046,1636.449951,874.2000122,151.75,756.1500244,340.3500061,3289.449951,236.1000061,79.05000305,129.75,2926.25,972.0999756,746.3499756,4269.899902,11733.09961,5755.399902,2253.75,81.80000305,82.09999847,,,806.9500122,757.6500244,546.7999878,,,15908.40039,,,,,,150.3500061,562.5499878,,,,,,,816.4000244,,,,4241.200195,,,,87.84999847,,,,86.19999695,,,,,,,,,,3055.949951,,,,2359,,251.8999939,,573.7000122,,,59.34999847,,,1020.150024,,,,,401.75,,,,1001.849976,1793.550049,,,,,,,166.5,,,639.9500122,,,,,252.3500061,,1491.300049,72.69999695,49.40000153,81.90000153,17482.59961,,178.1999969,116.1999969,3574.949951,141.6000061,124.8000031,30970.44922,2166.699951,248.1499939,124.75,2074.75,,175.5375366,,,,,154.6499939,17.64999962,,,,,,,,1489.099976,,678.75,,,3742.050049,,352.75,163.6000061,117.0500031,1111.099976,3200.149902,1057.75,1712.5,2834.350098,468.5,647.0999756,1379.25,215.25,6794.399902,35.65000153,853.5499878,273.0499878,1071.599976,550.5999756,14.75,220.1499939
09-06-2021 00:00,48.72999954,1594.650024,852.5999756,152.3500061,755.0499878,334.3500061,3305.899902,235.5500031,82,126.6500015,2943.550049,958.9500122,736.75,4224.5,11558.84961,5674.5,2248.75,81.84999847,80.25,,,802.5,756.2999878,540,,,15827.5,,,,,,147.1499939,552.9000244,,,,,,,825.5499878,,,,4267.450195,,,,83.69999695,,,,84.5,,,,,,,,,,3023.5,,,,2356,,262.1499939,,571.1500244,,,59.70000076,,,1003.549988,,,,,397.6499939,,,,996.4000244,1782.900024,,,,,,,162.75,,,632.5999756,,,,,247.1999969,,1469.099976,70.44999695,47.65000153,81.44999695,17557.15039,,179.3999939,118.0999985,3502.600098,141.1999969,124.0500031,30178.90039,2128.449951,228.3000031,129.3999939,2076.050049,,181.5750427,,,,,163.9499969,18.5,,,,,,,,1437.050049,,672.8499756,,,3709.5,,343.3500061,159.6999969,124.6500015,1101,3200.25,1052.25,1730.75,2798.649902,474.7000122,634.5,1376.300049,212.8500061,6724.75,35.29999924,845.5499878,269.9500122,1046,544.2000122,14.19999981,216.5500031
10-06-2021 00:00,48.70000076,1612,846.75,154.1000061,759.3499756,341.5499878,3325.699951,240.8000031,87.44999695,126.8499985,2950.600098,964,744.25,4179.899902,11993.09961,6086.399902,2269.300049,84.75,80.75,,,809.0999756,758.3499756,545.1500244,,,15786.59961,,,,,,148.1999969,573.5999756,,,,,,,839.5999756,,,,4372.549805,,,,84.5,,,,86.44999695,,,,,,,,,,3009,,,,2378.800049,,285.3999939,,581.4000244,,,60.34999847,,,1024.349976,,,,,405.4500122,,,,996.9500122,1799.550049,,,,,,,164.1999969,,,644.3499756,,,,,246.6999969,,1482.050049,71.19999695,48.79999924,86,17556.09961,,179.4499969,118.5,3544.899902,140.6000061,123.9499969,30221.25,2195.949951,232.6000061,130.75,2132.25,,181.2375488,,,,,163.3000031,19.39999962,,,,,,,,1470,,676.0499878,,,3796.800049,,344.75,161.4499969,127.5999985,1114.449951,3216.800049,1064.900024,1738.650024,2859.800049,470.8500061,637.8499756,1391.050049,224.9499969,6709.649902,35.90000153,838.7000122,271.5499878,1055.199951,554.25,14.64999962,222.1000061
11-06-2021 00:00,48.75999832,1601.599976,839.75,148.3000031,757.3499756,337.7000122,3336.550049,238.75,85.34999847,131.8500061,2956.25,1009.799988,738.4500122,4172.5,11907.5,6120,2241.899902,84.44999695,80.40000153,,,806.0999756,747.9000244,540.8499756,,,15919.25,,,,,,149.3999939,575.4500122,,,,,,,833.0999756,,,,4334.5,,,,83.90000153,,,,86.05000305,,,,,,,,,,3004.350098,,,,2366.5,,287.3500061,,579.75,,,60.04999924,,,1015.099976,,,,,421.1000061,,,,1021.849976,1794.349976,,,,,,,164.6000061,,,646.0499878,,,,,244.6499939,,1474.349976,72.15000153,54.70000076,90.44999695,17536.40039,,183.8999939,118.8000031,3689.350098,142.25,123.5500031,30127.05078,2252.800049,231.75,130.5,2116.949951,,184.7250519,,,,,161.3999939,20.35000038,,,,,,,,1475.349976,,681.2999878,,,3820.050049,,350.75,161.6000061,125.6999969,1158.349976,3273.800049,1073,1728.449951,2879.800049,464.6499939,636.5,1373.300049,222.75,6662.850098,35.95000076,835.1500244,276.25,1046.150024,554.2999878,14.39999962,220.5
14-06-2021 00:00,48.86999893,1501.449951,768.4500122,140.8999939,769.2999878,340.3500061,3350.199951,237.3999939,86.94999695,129.75,2949.899902,994.2999878,736.25,4146.5,11926.15039,6194.149902,2272.5,84.94999695,79.19999695,,,809.6500244,740.7000122,539.3499756,,,15914.59961,,,,,,149.8000031,569.6500244,,,,,,,829.9000244,,,,4388.049805,,,,83.90000153,,,,85.30000305,,,,,,,,,,2985.649902,,,,2364.600098,,298.5,,587.9000244,,,59.45000076,,,1024.300049,,,,,425.1000061,,,,1017.599976,1768.050049,,,,,,,165.3500061,,,647.75,,,,,245.25,,1503.5,71.80000305,57.34999847,91.75,17577.5,,185.8000031,118.1999969,3675.949951,143.3000031,124.8000031,30164.69922,2218.600098,232.75,129.5500031,2114.949951,,186.5250397,,,,,158.3999939,21.35000038,,,,,,,,1477,,677.0999756,,,3809.600098,,355.9500122,165.8999939,123.4000015,1164.800049,3276.350098,1069.25,1734.800049,2979.75,458.7999878,629.4000244,1368.949951,218.5500031,6678.5,37.40000153,834.5999756,273.8999939,1043.050049,561.5999756,14.10000038,218.1999969
15-06-2021 00:00,48.59000015,1538.849976,761.8499756,133.8999939,784.5499878,341.4500122,3298.300049,235.1999969,86.30000305,128.9499969,3042.199951,993.75,750.9000244,4138.100098,11798.7002,6161.149902,2274.550049,85.09999847,79.59999847,,,823.75,741.5,542.5,,,15859.59961,,,,,,147.8500061,583.3499756,,,,,,,846.5499878,,,,4313.049805,,,,84.09999847,,,,86,,,,,,,,,,3007.050049,,,,2391.949951,,308.5,,587.5999756,,,59.59999847,,,1034.449951,,,,,422.5,,,,994.8499756,1770.900024,,,,,,,168.3000031,,,652.75,,,,,245.9499969,,1516.75,71.84999847,57.65000153,89.90000153,17684.80078,,180.8999939,117.8000031,3749.350098,149,125.3499985,30046.34961,2217.050049,233.1499939,127.8499985,2137.149902,,185.7000427,,,,,156.3999939,22.39999962,,,,,,,,1450.650024,,673.2000122,,,3797.699951,,352.7000122,165,122.1500015,1174.300049,3262.75,1066.849976,1723.400024,2927.649902,462.5499878,629.5,1371.849976,217.0500031,6668.299805,37.25,841.7999878,270.9500122,1061.699951,557.9000244,14.10000038,230.3999939
16-06-2021 00:00,48.5,1448.300049,706.7000122,127.25,772.0499878,338.8999939,3294.199951,233,84.44999695,125.9000015,3018.699951,987.5999756,749.7999878,4110.450195,11856.15039,6081.600098,2244.550049,84.40000153,78.44999695,,,817.9000244,731.8499756,536.75,,,15831.25,,,,,,150.0500031,581.3499756,,,,,,,848.9000244,,,,4300.700195,,,,83.65000153,,,,84.94999695,,,,,,,,,,2975.399902,,,,2407.899902,,298.7999878,,577.7999878,,,58.54999924,,,1013.700012,,,,,407.3500061,,,,995.0999756,1760.599976,,,,,,,167.6999969,,,652.25,,,,,245.3999939,,1514.650024,69.94999695,56.09999847,86.90000153,17965.19922,,178.8000031,119.8000031,3701.25,147.4499969,126.6999969,29981.84961,2210.649902,230.4499969,129.25,2131.050049,,181.6125488,,,,,156.0500031,23.5,,,,,,,,1433.849976,,668.5499878,,,3775.449951,,349.3500061,162.3999939,125.9499969,1142.150024,3274.350098,1069.150024,1714.949951,2890.199951,467.7999878,622.3499756,1370.199951,214.75,6587.399902,37.45000076,838.2000122,264.3500061,1028.150024,555.25,14,227.5500031
17-06-2021 00:00,48.29999924,1367.699951,646.9000244,120.9000015,763.4000244,346.25,3240.600098,229.8999939,84.44999695,121.1999969,3060.300049,961.7000122,738.5999756,4053.899902,11818.5498,6050.25,2304.100098,81.90000153,77.09999847,,,820.2999878,725.0499878,528.6500244,,,15399.84961,,,,,,147.8000031,567.9500122,,,,,,,839.4000244,,,,4302.350098,,,,82.5,,,,85.34999847,,,,,,,,,,2914.100098,,,,2417.699951,,283.7000122,,589.9500122,,,57.79999924,,,984.0499878,,,,,395.5,,,,974.5,1766.050049,,,,,,,163.3999939,,,662.7000122,,,,,239.6000061,,1482.699951,68.65000153,55.40000153,84.05000305,18059.05078,,179.8000031,117.4000015,3581.75,146.1000061,125.0999985,29886.05078,2163.100098,228.3999939,127,2127.350098,,179.8875427,,,,,150.3000031,24.64999962,,,,,,,,1411.400024,,665.0499878,,,3734.350098,,345.6499939,160.8000031,123.9499969,1103.75,3317.75,1080.25,1711.400024,2953.899902,457.3999939,610.7000122,1401.949951,213,6704.850098,38.09999847,835.0499878,261.25,1030.25,558.7000122,13.75,223.75
18-06-2021 00:00,47.90000153,1487.5,694.3499756,114.9000015,748,341.2999878,3221.5,227.1999969,81.75,116.4499969,3047.199951,952.4500122,736.2999878,4167.100098,11999.34961,6087.049805,2292,80.19999695,75.25,,,825.5999756,726.8499756,538.75,,,15211.2998,,,,,,147.1999969,566.1500244,,,,,,,833.0499878,,,,4197.299805,,,,81,,,,83.84999847,,,,,,,,,,2891.350098,,,,2482.899902,,278.8999939,,580,,,57.59999847,,,995.4000244,,,,,388.3500061,,,,962.5,1760.449951,,,,,,,160.1999969,,,672.75,,,,,236.8999939,,1472.400024,67.65000153,54.29999924,83.94999695,17670.65039,,178.1999969,113.5500031,3536.399902,148.5,120.25,29698.94922,2236.5,225.8500061,124.3499985,2125.550049,,174.7500458,,,,,147.0500031,25.85000038,,,,,,,,1380,,668.5,,,3639.949951,,337.3999939,154.9499969,121.4499969,1092.300049,3297.300049,1070.699951,1711.300049,2897.699951,455.3500061,610.4000244,1366.75,210.5,6693.899902,37.79999924,808,251.6499939,1029.300049,549.7999878,13.75,221.9499969
21-06-2021 00:00,48.81000137,1540,731.0499878,120.5999985,750,344.75,3238,226.1000061,80.94999695,117.25,3068.550049,954.75,739.5499878,4182.649902,12156.40039,6116,2245.100098,82.40000153,79.05000305,,,827.75,729.5999756,539.5999756,,,15096.84961,,,,,,146.9499969,574.7999878,,,,,,,824.9000244,,,,4229.100098,,,,80.90000153,,,,85.34999847,,,,,,,,,,2894.850098,,,,2514.350098,,276.8999939,,579.2999878,,,58.45000076,,,1007.549988,,,,,381.9500122,,,,970.5499878,1772.050049,,,,,,,160.6499939,,,671.1500244,,,,,236.5,,1486.75,68.80000305,56.20000076,83.59999847,17649.15039,,184.8500061,118,3598.5,149.6499939,120.9499969,29682.84961,2321.399902,228,124.4000015,2150.899902,,176.1375427,,,,,147.6999969,27.10000038,,,,,,,,1382.900024,,671.3499756,,,3624.600098,,334.2999878,156.4499969,123.3000031,1106.150024,3273.100098,1062.900024,1742.849976,2920.399902,463.3500061,616.75,1419.550049,207.8500061,6775.5,39.79999924,772.2000122,254.3500061,1019.150024,542.1500244,13.89999962,221.6999969
22-06-2021 00:00,48.29999924,1541.599976,742.9000244,126.5999985,747.0499878,346.25,3258.199951,224.8000031,81.30000305,118.4499969,3010.800049,952.5999756,739.3499756,4221.600098,12131.65039,6016.799805,2206.850098,81.84999847,78.75,,,808.4000244,741.2000122,536.4000244,,,15128.59961,,,,,,147,592.7999878,,,,,,,833.3499756,,,,4288.75,,,,81.90000153,,,,84.59999847,,,,,,,,,,2907.050049,,,,2490.25,,275.5499878,,602.4500122,,,58.09999847,,,1000.099976,,,,,388.7000122,,,,963.7000122,1757.099976,,,,,,,162.1000061,,,673.8499756,,,,,237.75,,1506.699951,69.19999695,57.84999847,84.30000305,17436.55078,,185.3999939,118.3000031,3558.850098,151.3500061,122.0500031,29459.69922,2446.300049,230.1499939,123.6999969,2147.850098,,175.5375366,,,,,145,28.45000076,,,,,,,,1371.699951,,666.7999878,,,3689.699951,,337.8999939,159.6000061,121.4499969,1112.300049,3301.199951,1057.199951,1757,2924.949951,458.75,617.6500244,1456.5,209.1999969,6858.950195,40.15000153,802.5,252.3999939,1020.200012,556.5499878,13.80000019,218.1499939
23-06-2021 00:00,48.18999863,1504.75,718.7000122,125.9499969,750,345.1499939,3244.800049,224.1499939,80.59999847,119.0999985,2987.350098,944.4000244,732.3499756,4198.600098,12282.25,6015.600098,2195.899902,82.30000305,78.30000305,,,806.0999756,730.8499756,534.0499878,,,15064.5498,,,,,,145.75,603.25,,,,,,,825.5499878,,,,4224.600098,,,,81.59999847,,,,84.80000305,,,,,,,,,,2928.350098,,,,2480.5,,268.1499939,,605.3499756,,,57.75,,,999.5499878,,,,,385.2000122,,,,963.4000244,1736.699951,,,,,,,161.8000031,,,663.7000122,,,,,237.9499969,,1478.800049,69,57.04999924,84.44999695,17414.80078,,178.8000031,117.25,3584.25,152.6000061,123.3499985,29436.44922,2432.550049,231.1000061,123.1500015,2133.149902,,174.1875458,,,,,144.9499969,29.85000038,,,,,,,,1366.800049,,665.25,,,3660.949951,,335.25,156.3500061,120.75,1100.099976,3261.399902,1056.449951,1782.550049,2903.699951,457.5,619.5499878,1403.849976,209.0500031,6903.350098,39.20000076,804,251.25,1030.75,540.1500244,13.69999981,216.4499969
24-06-2021 00:00,47.83000183,1508.5,709.9000244,119.6999969,741.2999878,346.5,3203.25,219.8500061,80.44999695,118.1999969,3043.25,938.2000122,739.1500244,4226.899902,12333.25,6043.600098,2242.449951,80.84999847,77,,,813.2000122,735.5499878,528.75,,,14950,,,,,,144.3500061,602.1500244,,,,,,,831.8499756,,,,4250.350098,,,,80.84999847,,,,84.84999847,,,,,,,,,,2906.949951,,,,2490.149902,,264.4500122,,601.0499878,,,56.90000153,,,1000.650024,,,,,386.3999939,,,,984.6500244,1737.900024,,,,,,,160.0500031,,,675.1500244,,,,,236.1000061,,1466.150024,68.44999695,55.20000076,83.94999695,17619.75,,175.6000061,118,3597.850098,156.3500061,122,29509.94922,2398.850098,227.8000031,122.5,2156.149902,,173.3625488,,,,,141.3500061,28.39999962,,,,,,,,1363.900024,,664.7999878,,,3740.149902,,334.6499939,155.1000061,118.8499985,1113.150024,3373.600098,1080,1780.849976,2885.300049,447.4500122,614.6500244,1380.099976,209.1000061,6961.950195,38.34999847,813.4500122,250.9499969,1023.599976,549.0499878,13.60000038,214.75
25-06-2021 00:00,48.20000076,1519.449951,712.2000122,116.75,745.25,348.0499878,3439,221.25,78.94999695,123.4000015,3003.899902,950.3499756,761.3499756,4196.149902,12486.59961,6075.799805,2247.449951,83.5,77.65000153,,,806.0499878,741.4000244,535.0999756,,,15076.59961,,,,,,145.6000061,598.7000122,,,,,,,857.9500122,,,,4248.75,,,,80.84999847,,,,85.75,,,,,,,,,,2939.199951,,,,2448.649902,,271.3999939,,616.25,,,58.25,,,1012.900024,,,,,395.6000061,,,,993.9000244,1735,,,,,,,164.0500031,,,664.2000122,,,,,236.6499939,,1484.949951,73.44999695,55,83.19999695,17506.69922,,177.75,116.0500031,3633.050049,156.75,120.9000015,29455.44922,2423.149902,228.25,123.5,2134.25,,173.1375427,,,,,143.3500061,27,,,,,,,,1368.099976,,672.25,,,3768.649902,,339.6499939,155.6999969,121.0999985,1165.25,3380.800049,1089.5,1753.849976,2886.25,452,622.3499756,1381.699951,208.5500031,6923,39.45000076,805.1500244,262.2000122,1029.949951,547.5,13.64999962,218.3500061
28-06-2021 00:00,47.5,1525.75,716.25,118.1999969,750.9000244,344.3500061,3454.149902,229.0500031,79.55000305,124.75,2982.949951,967.7999878,762.4000244,4183.450195,12377.90039,6037.049805,2258.199951,87.80000305,80.5,,,804.75,738.8499756,531.2000122,,,15152.2998,,,,,,144,598.4000244,,,,,,,871.9000244,,,,4314.399902,,,,80.65000153,,,,87.34999847,,,,,,,,,,2943.649902,,,,2460.199951,,268.1499939,,619.5999756,,,56.95000076,,,1008.900024,,,,,408.3500061,,,,996.2000122,1733.050049,,,,,,,164.1000061,,,670.7999878,,,,,235.3000031,,1489.949951,80.05000305,54.40000153,86.55000305,17506.15039,,182.1000061,116.1500015,3593.949951,162.0500031,122.3499985,29588.34961,2417.050049,227.8500061,124.1500015,2155.199951,,173.8875427,,,,,142.5500031,25.64999962,,,,,,,,1372.550049,,676.2999878,,,3826.199951,,342.7999878,157.6999969,122.5500031,1184,3336.75,1105.099976,1728.050049,2936.050049,452.3999939,621.5499878,1429.75,209.3999939,6869.450195,39.34999847,809.0999756,267.75,1042.550049,547.4000244,13.64999962,219.1499939
29-06-2021 00:00,47.15999985,1523.550049,711,116.3000031,745.9000244,344.3999939,3591.149902,226.4499969,78.94999695,123.5500031,3001.5,967.2000122,751.9500122,4124.649902,12299.90039,6052.399902,2242.649902,87.09999847,78.65000153,,,804.3499756,747.5499878,524.9500122,,,15025.59961,,,,,,143.8500061,607.0999756,,,,,,,850.9500122,,,,4356.149902,,,,80.55000305,,,,86.5,,,,,,,,,,2927.5,,,,2492.550049,,264,,614.7000122,,,55.84999847,,,1018.150024,,,,,398.9500122,,,,979.9000244,1705.849976,,,,,,,162.75,,,667.5499878,,,,,236.5,,1468.75,77.15000153,52.79999924,85.59999847,17599.25,,181.5500031,117.5999985,3574.5,154.3500061,119.4000015,29640.84961,2414.399902,225.8500061,124.0500031,2161.75,,177.0000458,,,,,143,25.25,,,,,,,,1357.849976,,677.5999756,,,4002.949951,,341.5499878,157.8000031,122.8000031,1172.550049,3340.850098,1088.150024,1731.599976,2922.25,454.8500061,612.2999878,1449.25,207.8500061,6824.700195,39.20000076,805.4000244,266.5,1028.400024,542.5999756,13.55000019,216.0500031
30-06-2021 00:00,46.72000122,1507.550049,703.7000122,113.4499969,745.0499878,340.6499939,3619.850098,225,78.5,122.5999985,2992.699951,965.2000122,748.2999878,4133.850098,12109.0498,6015.850098,2239.199951,85.90000153,77.90000153,,,805.0999756,761.9000244,525.6500244,,,15025.15039,,,,,,143.1000061,615.2000122,,,,,,,899.5,,,,4408.25,,,,79.59999847,,,,87.09999847,,,,,,,,,,2902.600098,,,,2471.300049,,261.0499878,,612.7000122,,,54.20000076,,,1016.349976,,,,,397.4500122,,,,979.9500122,1705.849976,,,,,,,168.75,,,661.6500244,,,,,242.1000061,,1481.650024,78.34999847,53.95000076,86.84999847,17633,,184.1000061,116.4000015,3651.5,157.1999969,117.6999969,29522,2398.25,225.8000031,128.8000031,2153.949951,,174.3000488,,,,,148.5500031,24,,,,,,,,1342.650024,,675.4500122,,,4304.299805,,339.6000061,155.1999969,122.0999985,1166.599976,3345.75,1095.449951,1732.5,2901.600098,460.1000061,620.5,1446.300049,206.3000031,6776,38.54999924,792.8499756,262.8500061,1022.450012,545.6500244,13.55000019,214.75
01-07-2021 00:00,47.24000168,1490.25,703.0999756,107.8000031,744.8499756,340.2999878,3678.449951,227.8500061,77.90000153,122.4499969,3021.600098,968.0499878,746.4500122,4204.549805,11816.4502,5967.149902,2274.899902,86.05000305,77.65000153,,,809,765.6500244,522.6500244,,,15187.59961,,,,,,142.25,617.6500244,,,,,,,889.5999756,,,,4435.700195,,,,78.94999695,,,,86,,,,,,,,,,2922.5,,,,2478,,260.0499878,,614.3499756,,,54.20000076,,,1007.700012,,,,,394.7999878,,,,988.3499756,1716.099976,,,,,,,167.25,,,663.9500122,,,,,244.8000031,,1470.349976,77.94999695,53.04999924,87.15000153,17646.19922,,184.4499969,117.3499985,3620.300049,162.6999969,118.8499985,29623.84961,2398.899902,223.3500061,121.9499969,2169.149902,,173.1000366,,,,,145.5500031,22.79999924,,,,,,,,1355.599976,,684.1500244,,,4243.75,,344.25,155.8500061,121.3499985,1163.550049,3341.5,1085.150024,1740.300049,2924.199951,458.2999878,624.2999878,1437.449951,205.6999969,6707.25,38.70000076,791.5,262.8999939,1013,539.3499756,13.55000019,215.25
02-07-2021 00:00,47.70999908,1422.050049,710.4000244,109.4000015,746.5499878,339.25,3733.199951,227.4499969,80.69999695,122.4499969,3005,994.2000122,750.6500244,4175.350098,11750.4502,5997.75,2298.850098,85.19999695,77.05000305,,,806.9000244,771.9000244,525,,,15357.75,,,,,,142.8999939,613.25,,,,,,,881.3499756,,,,4519.649902,,,,79.09999847,,,,85.30000305,,,,,,,,,,2919.850098,,,,2487.300049,,260,,619.4000244,,,54,,,1009.650024,,,,,388.1499939,,,,987.9000244,1715.150024,,,,,,,173.1000061,,,662.4500122,,,,,245.3999939,,1477.400024,79,54.04999924,90.09999847,17602,,182.9499969,117.5,3624.300049,169.1999969,118.4499969,29759.5,2404.75,223.3999939,121.0500031,2178.850098,,170.9625397,,,,,144.4499969,23.04999924,,,,,,,,1362.199951,,681.25,,,4429.549805,,344.8999939,156,120.9499969,1136,3325.449951,1089.400024,1754.75,2950.350098,464.6499939,612,1446.599976,201.4499969,6719.899902,39.04999924,799.3499756,262.0499878,1013.900024,538.5999756,13.55000019,217.1000061
05-07-2021 00:00,48.54000092,1394.349976,710.0499878,106.8000031,749.75,340.2999878,3718.100098,228.8000031,86.34999847,124.9000015,3014.800049,1002.599976,760.3499756,4201.5,11923.09961,6072.700195,2292.550049,86.34999847,76.94999695,,,816.5499878,770.9000244,523.9500122,,,15716.34961,,,,,,146.6000061,650.2000122,,,,,,,880.5999756,,,,4559.950195,,,,80.55000305,,,,87.25,,,,,,,,,,2938.050049,,,,2499.050049,,272.3999939,,621.25,,,54.45000076,,,1020.549988,,,,,394.1499939,,,,974.1500244,1731.099976,,,,,,,176.6499939,,,660.8499756,,,,,242.9499969,,1558.599976,81.44999695,54.45000076,90.75,17641.34961,,175.25,118.5999985,3597.199951,172.25,120.9499969,30221.40039,2408.699951,223.9499969,123.1500015,2267.149902,,172.7250366,,,,,145.8500061,21.89999962,,,,,,,,1374.550049,,680.2000122,,,4379.049805,,346.1000061,156.25,125.9000015,1156.849976,3321,1074.650024,1749.900024,2938.850098,468.8999939,611.3499756,1448.449951,200.3500061,6719.850098,38.90000153,807.5999756,272.4500122,1014.599976,536.3499756,13.44999981,218.8500061
06-07-2021 00:00,48.86000061,1414.800049,712.7000122,111.9000015,744.2000122,351.8500061,3706.25,229.9499969,89.25,122.1999969,3002.5,980.4000244,758.3499756,4195.399902,12090.7998,6202.399902,2303.25,85.5,76.5,,,814.0999756,767.3499756,526.0999756,,,15378.65039,,,,,,147.3999939,695.0499878,,,,,,,869.3499756,,,,4524.200195,,,,79.19999695,,,,86.90000153,,,,,,,,,,2919.25,,,,2472.5,,262.25,,627.0999756,,,53.59999847,,,1031.050049,,,,,391,,,,980.8499756,1755.349976,,,,,,,176.4499969,,,656.8499756,,,,,237.1499939,,1535.199951,80.05000305,53.65000153,91.5,17470.09961,,169.4499969,117.6500015,3741.050049,174.1000061,121.5,30262.65039,2348.949951,224.25,121.5,2231.199951,,171.6000366,,,,,144.5500031,20.85000038,,,,,,,,1413.650024,,673.25,,,4312.25,,316.8999939,147.9499969,123,1167.25,3262.300049,1049.550049,1762.800049,2931.899902,467.25,608.25,1429.900024,197.3500061,6933.049805,37.70000076,803.2999878,270.6000061,1012.599976,532.5999756,13.35000038,219.4499969
07-07-2021 00:00,48.29999924,1425.650024,720.0999756,109.8000031,738.3499756,357.4500122,3715.600098,231.1000061,88.55000305,123.5500031,3040.100098,965.2000122,762.9000244,4188.25,12374.15039,6198.600098,2291.300049,86.05000305,76.15000153,,,846.1500244,806.2999878,529.5999756,,,15498.34961,,,,,,146.5500031,687.5,,,,,,,866.9500122,,,,4552.549805,,,,78.84999847,,,,86.30000305,,,,,,,,,,2913.350098,,,,2481.649902,,262.9500122,,628.0499878,,,53.95000076,,,1044.900024,,,,,400.2000122,,,,986.5499878,1761.800049,,,,,,,177.3000031,,,663.8499756,,,,,235.3000031,,1561.949951,84.94999695,53.20000076,89.59999847,17716.94922,,168.25,117.4499969,3720.899902,172.8500061,119.9000015,30898.80078,2331.899902,224.8999939,121.75,2276.5,,173.2125397,,,,,144,19.85000038,,,,,,,,1444.349976,,680.0999756,,,4246.600098,,317.1000061,145.5,123.8499985,1218.650024,3274.949951,1045.900024,1727.25,2949.550049,470.4500122,604.3499756,1432.449951,206.0500031,6925.100098,37.95000076,816.9000244,272.25,1005.5,532.1500244,13.30000019,219.6499939
08-07-2021 00:00,49.25999832,1425.900024,711.7000122,108.75,738.4500122,360.75,3671.399902,226.8999939,88.5,124,3028.300049,951.75,754.4000244,4077.300049,12333.90039,6117.799805,2292.600098,83.5,75.59999847,,,841.6500244,808.9500122,525.2999878,,,15273.2998,,,,,,145.6499939,669.5,,,,,,,867.4500122,,,,4510.5,,,,79.80000305,,,,86.05000305,,,,,,,,,,2900.399902,,,,2447.550049,,261.6499939,,621.0999756,,,53.20000076,,,1045.449951,,,,,386.5499878,,,,983.75,1732.300049,,,,,,,174.5,,,656.9000244,,,,,232.0500031,,1533.25,83.19999695,53.25,90.69999695,17618.90039,,167.1000061,117.4499969,3766.300049,172.6999969,117.0500031,30413.55078,2320.449951,223.8000031,121.4000015,2283.449951,,173.3625488,,,,,143.4499969,20.25,,,,,,,,1431.550049,,666.9000244,,,4199,,306.3500061,140.8000031,123.4000015,1189.75,3258.5,1060.150024,1726.349976,2945.5,471.25,598.9000244,1420.199951,203.3999939,6901.899902,37.04999924,814.0999756,264.5499878,1011.700012,531,13.35000038,216.1499939
09-07-2021 00:00,49.75,1431.349976,728.5,109.5500031,739.7000122,363.6000061,3725.899902,228.1999969,88.09999847,124.9000015,3010.600098,948.7000122,747.3499756,3995.899902,12854.75,6136.149902,2280.199951,83.65000153,75.34999847,,,844.0999756,808,536.25,,,15299.0498,,,,,,144.3000031,676.5,,,,,,,862,,,,4599.700195,,,,79.19999695,,,,85.59999847,,,,,,,,,,2896.800049,,,,2451.449951,,269.4500122,,613.3499756,,,53.75,,,1039.949951,,,,,394.75,,,,996.4000244,1720.050049,,,,,,,177.6000061,,,655.25,,,,,236.3500061,,1534.599976,85.34999847,52.65000153,94.69999695,17636,,167.5500031,117.8000031,3943.949951,173.5,117.9000015,31357.84961,2312.149902,224,121.6500015,2277.800049,,172.6875458,,,,,145.3500061,21.25,,,,,,,,1455.699951,,667.9000244,,,4295.399902,,306.2999878,142.3999939,124.4499969,1239.349976,3208.149902,1051.75,1720.599976,3005.050049,475.2000122,599.7000122,1431.349976,204,6899.549805,36.75,814.5499878,271.5499878,1015.400024,525.7999878,13.25,216.6000061
12-07-2021 00:00,49.06999969,1420.699951,718.0499878,108.1999969,738.4500122,371.75,3747.399902,229.8000031,95.55000305,125.9000015,2999.399902,940.7000122,753.5999756,3956.149902,12908.90039,6149.549805,2308.899902,83.30000305,75.55000305,,,839.6500244,806.25,529.6500244,,,15219.75,,,,,,142.3999939,714.5499878,,,,,,,856.75,,,,4588.75,,,,79.15000153,,,,89.5,,,,,,,,,,2898.199951,,,,2444.149902,,270.8500061,,625.5,,,54,,,1049.300049,,,,,392.8500061,,,,987.0499878,1731.949951,,,,,,,183.75,,,660.25,,,,,238.5500031,,1558.400024,84.34999847,54.54999924,96.69999695,17641.40039,,165.6499939,117.8499985,3900.800049,169.1000061,118.5500031,33203.25,2308.5,223.0500031,123.5,2268.850098,,171.7500458,,,,,147.1499939,21.25,,,,,,,,1452.400024,,668.5499878,,,4337.450195,,307.4500122,141.3999939,123.8000031,1226.949951,3193.100098,1056.599976,1719.849976,3012.699951,476.5,600.6500244,1437.050049,244.8000031,7093.75,36.90000153,821.4500122,270.9500122,1017.400024,525.8499756,13.10000038,215.3500061
13-07-2021 00:00,49.81999969,1417.699951,704,106.75,737.9500122,368.9500122,3750.300049,235.75,99.5,127,2993.850098,956.9500122,770.75,3966.100098,12909.40039,6154.299805,2306.25,84.69999695,76.30000305,,,837.6500244,820.25,530.0499878,,,15238.34961,,,,,,143.8500061,707.4500122,,,,,,,862.0499878,,,,4606.049805,,,,77.94999695,,,,89.25,,,,,,,,,,2904.100098,,,,2436.699951,,279.25,,626.25,,,54,,,1055.900024,,,,,395,,,,990.7000122,1747.150024,,,,,,,185.0500031,,,651.2999878,,,,,244.5,,1558.75,85.30000305,54.45000076,95.15000153,17691.90039,,171.8000031,119.9000015,4010.800049,169.0500031,120.4000015,32909.05078,2321.550049,222.9499969,124.25,2248.5,,171.4875488,,,,,148.6499939,20.29999924,,,,,,,,1431.800049,,683,,,4307.649902,,310.9500122,145.1999969,124.0500031,1228.75,3187.550049,1050.150024,1724.25,3015.449951,474.6499939,610,1428.699951,243.6999969,7128.850098,37,831.9500122,271.1499939,1033.5,524.8499756,13,214.5500031
14-07-2021 00:00,50.24000168,1402.050049,697.25,105.0500031,737.2999878,373,3754.800049,240.4499969,107.3000031,127.9000015,3001.949951,962.9500122,770.0499878,3953.850098,12991.2002,6133.899902,2296.600098,84.25,75.84999847,,,838.7000122,812.0999756,530.0499878,,,15371.15039,,,,,,144.3500061,710.2000122,,,,,,,859.9000244,,,,4623.200195,,,,76.94999695,,,,89.84999847,,,,,,,,,,2900.699951,,,,2414.850098,,270.4500122,,632.0499878,,,53.79999924,,,1052.599976,,,,,396.0499878,,,,990.0999756,1748.150024,,,,,,,186.0500031,,,647.5,,,,,244.1999969,,1547.199951,84.59999847,53.95000076,92.80000305,17539.69922,,172.0500031,120.75,4150.75,165.8500061,120.8000031,32887.60156,2289.649902,221.5500031,123.9000015,2249.350098,,172.4625397,,,,,147.9499969,20.60000038,,,,,,,,1420.900024,,685.9500122,,,4371.799805,,309.5499878,144.6499939,124.5500031,1244.699951,3214.550049,1078.5,1710.349976,3011.649902,473.2000122,613.0999756,1420.900024,237.25,7118.049805,36.84999847,819.75,271.75,1030.650024,561.7000122,13.05000019,214.25
15-07-2021 00:00,50.50999832,1407.949951,699.0999756,104.0999985,733.0499878,386.2000122,3762.350098,231.1499939,108.9000015,128.8000031,2983.600098,955.9000244,774.1500244,3940,12958.9502,6129.700195,2311.949951,83.69999695,75.44999695,,,841.1500244,810.1500244,525.4500122,,,15336.90039,,,,,,143.25,712.9000244,,,,,,,874.1500244,,,,4607.299805,,,,77.80000305,,,,88.40000153,,,,,,,,,,2884.649902,,,,2412.350098,,266.1000061,,622.6500244,,,53.40000153,,,1055.099976,,,,,397,,,,997.4500122,1750.050049,,,,,,,188.8000031,,,651.1500244,,,,,242.1999969,,1568.550049,83.94999695,53.25,92.44999695,17621.84961,,172.6499939,120.3000031,4093.899902,161.3500061,116.9000015,33046.39844,2277.25,221,125.6999969,2249.149902,,172.8000488,,,,,150.75,20.04999924,,,,,,,,1457.900024,,683,,,4487.100098,,310.25,144.8000031,124.4499969,1255.949951,3202.949951,1112.449951,1701.550049,3001.300049,480.1000061,609.2999878,1396.199951,241.75,7189.649902,36.45000076,836.25,269.5,1042.699951,575.9000244,13.55000019,209.8500061
16-07-2021 00:00,48.83000183,1395.5,687.5999756,105.6500015,727.8499756,383.0499878,3779.100098,230.8500061,108.1500015,127.8499985,2989.300049,975.5499878,771.1500244,3931.949951,12745.7002,6125.450195,2385.25,81.69999695,75.19999695,,,843.8499756,807.3499756,541.1500244,,,15287.9502,,,,,,143.3500061,719.5,,,,,,,857.5,,,,4757.600098,,,,77.5,,,,87.90000153,,,,,,,,,,2904.699951,,,,2417.399902,,275.5499878,,627.0499878,,,54.04999924,,,1044.300049,,,,,405.9500122,,,,1003.549988,1749.5,,,,,,,186.9499969,,,667.4000244,,,,,244.1499939,,1569.199951,88.30000305,52.90000153,94.30000305,17654.19922,,178.6999969,119.0999985,4019.399902,156.6499939,116.8000031,33140.89844,2351.25,221.6499939,127.5500031,2244.199951,,175.3875427,,,,,151.6499939,19.89999962,,,,,,,,1449.349976,,688.5999756,,,4302.649902,,311.25,144.6499939,124.1500015,1278.449951,3194.800049,1103.150024,1695.349976,2990.75,480.5,611.6500244,1447.900024,242.1000061,7334.549805,36.59999847,837.5499878,272.5,1051.050049,577.75,13.39999962,208.9499969
19-07-2021 00:00,50.56000137,1380.599976,673.7000122,102.1500015,722.2999878,386.5499878,3883.75,225.3500061,105.0500031,124.75,2981.949951,965.0999756,755.2000122,3882.850098,12721.09961,6015.399902,2344.699951,80.15000153,73.90000153,,,835.2999878,812.0499878,538.4500122,,,15218.5,,,,,,143.4499969,719.5499878,,,,,,,861.5999756,,,,4807.450195,,,,77.15000153,,,,86,,,,,,,,,,2887.100098,,,,2408.649902,,270.8500061,,626.25,,,52.59999847,,,1015.849976,,,,,393.4500122,,,,1001.099976,1722.800049,,,,,,,186.1999969,,,659.9500122,,,,,244.6499939,,1541.849976,88.94999695,52.40000153,92.09999847,17752.44922,,174.8500061,121.4000015,4072.149902,155.8500061,114.5999985,32894.85156,2298.600098,222.0500031,127.0999985,2260.25,,174.8625488,,,,,151.3999939,20.10000038,,,,,,,,1389.849976,,689.25,,,4223.350098,,308.8500061,141.75,125.8000031,1266.400024,3184.600098,1094.199951,1680.349976,2969.199951,481.1000061,601.4000244,1419.300049,236.4499969,7312.350098,37,833.25,264.8999939,1039.050049,573.7999878,13.19999981,206.5
20-07-2021 00:00,50.22000122,1365.699951,672.5999756,97.05000305,713.3499756,404.4500122,3882.949951,221.6999969,102.1999969,123.3499985,3159.050049,965.5,745.75,3905.399902,12597.15039,5941.850098,2318.949951,78.90000153,71.5,,,864.9500122,798.5,525.75,,,15046.25,,,,,,141.4499969,694.5499878,,,,,,,853.8499756,,,,4787.850098,,,,75.75,,,,83.75,,,,,,,,,,2839,,,,2434.899902,,265.9500122,,604.7999878,,,51.20000076,,,981.5499878,,,,,380.1499939,,,,997.6500244,1702.650024,,,,,,,182.8500061,,,653.6500244,,,,,237.8999939,,1528.349976,85.19999695,51.15000153,87.55000305,17856.09961,,171.5500031,118.4499969,3957.550049,155.4499969,112.5999985,32462.75,2198.550049,218.8999939,127.5500031,2315.649902,,173.4750366,,,,,151.3999939,19.10000038,,,,,,,,1395.900024,,676.4500122,,,4190.350098,,302.1499939,138.3999939,121.8000031,1233.349976,3205.800049,1087.199951,1671.400024,2961.5,475.7000122,583.0499878,1411.599976,234.5500031,7424.700195,35.90000153,814.25,256.1000061,1026.75,568.0999756,12.94999981,201.3999939
22-07-2021 00:00,49.90999985,1416.75,691.7999878,101.8000031,721.7999878,400.2000122,3985.300049,226.4499969,108.5999985,124.0500031,3106.75,972.0999756,746.75,3853.199951,13064.59961,6195.549805,2331.449951,80.19999695,72.19999695,,,855.7000122,801.2000122,546.7000122,,,15137.2998,,,,,,142.75,701.3499756,,,,,,,864.9500122,,,,4843.25,,,,75.94999695,,,,84.25,,,,,,,,,,2838.25,,,,2378.149902,,275.2000122,,635.4000244,,,52.15000153,,,992.1500244,,,,,394.3999939,,,,976.75,1707.199951,,,,,,,196.4499969,,,674.6500244,,,,,237.1499939,,1604.650024,85,51.20000076,89.59999847,17994.80078,,175.6000061,119.1999969,4051.699951,161.3999939,115.5,33128.94922,2234.649902,220,128.8500061,2310.399902,,174.9375458,,,,,152.6499939,18.79999924,,,,,,,,1395.300049,,687.2999878,,,4246.600098,,302.5499878,135.6999969,123.6999969,1273,3216.350098,1148.599976,1701.75,3013.550049,473,581.2999878,1429.800049,235.8500061,7459,36.15000153,828,262.7999878,1049.199951,584.2000122,13,204.8500061
23-07-2021 00:00,50.31999969,1401.650024,680.0499878,100.4499969,723.25,402.2999878,3918.899902,226.8000031,104.8499985,124.3000031,3083.75,963.7000122,755.4000244,3841.899902,13201.2002,6180.899902,2333.050049,79.84999847,72.75,,,854.25,788.9000244,548.2999878,,,15055.34961,,,,,,143.75,703.7999878,,,,,,,858.2999878,,,,4824.75,,,,74.84999847,,,,85.40000153,,,,,,,,,,2835,,,,2358.100098,,283.6499939,,645.0499878,,,51.15000153,,,989.2999878,,,,,397.7000122,,,,991.1500244,1722.949951,,,,,,,195.4499969,,,683.4500122,,,,,235.9499969,,1567.050049,82.44999695,50.29999924,88.65000153,18143.94922,,173.5,118.5,4012.100098,161.1000061,115.3000031,33376.94922,2255.050049,219.6499939,128.4499969,2306.600098,,174.7500458,,,,,152.8999939,17.89999962,,,,,,,,1385.599976,,694,,,4249.299805,,295.5499878,133.6499939,122.9000015,1281.400024,3212.850098,1131,1700.949951,3043.199951,473.4500122,582.3499756,1444.449951,237.1000061,7490.299805,36.54999924,819.7000122,267.7999878,1045.400024,599.1500244,13.05000019,205.9499969
26-07-2021 00:00,50.18999863,1403.900024,682.7999878,97.94999695,724.2000122,408.1000061,4100.350098,222.25,102.0999985,121.8499985,3061.199951,952.7999878,756.2999878,3836.350098,13525.0498,6162.450195,2335.699951,79.75,71.84999847,,,849.75,783.7000122,544.0499878,,,14981.2998,,,,,,143.4499969,703.4500122,,,,,,,851.9000244,,,,4921.149902,,,,75.80000305,,,,87.25,,,,,,,,,,2810.25,,,,2348.699951,,285.1499939,,646.7999878,,,51.20000076,,,981.2999878,,,,,403.7999878,,,,1004.650024,1740.599976,,,,,,,194.3500061,,,657.6500244,,,,,230.6000061,,1556.800049,83.55000305,49.84999847,88.5,18101.34961,,174.8000031,119.3499985,4137.649902,161.1999969,114.5500031,32938,2252.600098,218.8500061,127.8000031,2321.300049,,174.5250397,,,,,150.75,18.75,,,,,,,,1370.400024,,703.4000244,,,4199.100098,,293.1499939,133.6499939,122.5999985,1297.949951,3197.550049,1120.199951,1722.849976,3079.199951,467.3999939,584.8499756,1436.150024,235.0500031,7616.700195,36.04999924,819.9500122,272.1000061,1026.949951,590.4500122,13.30000019,205.75
27-07-2021 00:00,50.93000031,1396.75,663.2000122,94.75,718.2999878,408.7999878,4078.25,221.75,102.3000031,122.4000015,3028.649902,905.4000244,731.7000122,3821.399902,13807.84961,6231.450195,2315.850098,80,70.84999847,,,843.5999756,780.3499756,540.5499878,,,15038.7998,,,,,,141.5,682.2999878,,,,,,,845.6500244,,,,4791.399902,,,,75.15000153,,,,86.30000305,,,,,,,,,,2793.850098,,,,2342.399902,,277.3999939,,653.7999878,,,50.75,,,975.7999878,,,,,419.7999878,,,,993.9500122,1697.949951,,,,,,,209.5,,,644.5,,,,,230.5,,1560.449951,87.15000153,49.20000076,86.19999695,18226.09961,,174.5500031,118.8499985,4170.5,161.0500031,114.6500015,32495.40039,2305.600098,216.8999939,123.8499985,2300.649902,,173.8875427,,,,,145.1499939,18.14999962,,,,,,,,1365.699951,,688.2999878,,,4175.75,,291.3999939,135.3999939,121.1500015,1330.650024,3182.949951,1120.849976,1729.050049,3002.850098,458.2999878,581.0499878,1421.349976,240.5500031,7596.25,35.95000076,812.75,265.4500122,1020.049988,591.4500122,13.05000019,200.5500031
28-07-2021 00:00,50.08000183,1399.900024,665.4000244,97.05000305,713.4000244,409.3999939,4028.399902,220.8999939,106.3000031,121.5,3004.100098,915.0999756,722.9000244,3818.5,13970.5498,6262,2359.899902,78.05000305,69.90000153,,,850.3499756,778,567.9000244,,,15012,,,,,,140.3999939,796.0499878,,,,,,,836.5999756,,,,4890.600098,,,,73.80000305,,,,85.55000305,,,,,,,,,,2777.699951,,,,2361.399902,,273.8999939,,652.5999756,,,50.70000076,,,992.75,,,,,419.7000122,,,,972.7999878,1652.849976,,,,,,,208.3500061,,,635.9500122,,,,,228.8999939,,1546.150024,85.5,48.5,85,18022.55078,,174.1999969,116.8000031,4373.299805,162.6999969,114.3499985,31843.5,2310.75,217,125.5500031,2295.949951,,171.0750427,,,,,145.25,17.70000076,,,,,,,,1372.949951,,687.7999878,,,4177,,284.4500122,134,120.3499985,1365,3197.800049,1119.550049,1723.550049,3084.699951,454.6000061,575.6500244,1443.550049,241.25,7654.649902,35.5,814.6500244,270.1000061,1016.450012,591.9500122,12.94999981,200.5500031
29-07-2021 00:00,50.13000107,1400.25,659.6500244,95.40000153,694.8499756,408.75,4038.75,216.3000031,106.9000015,125.1999969,2997.449951,908.25,717.25,3763.75,14599.0498,6400.100098,2307.5,80.59999847,71.65000153,,,845.5,785.2000122,567.1500244,,,14933.2998,,,,,,140.75,770.2000122,,,,,,,842.0499878,,,,4843.799805,,,,74.65000153,,,,85.90000153,,,,,,,,,,2745.699951,,,,2334.75,,280.75,,636.3499756,,,51.95000076,,,992.0499878,,,,,437.6000061,,,,972.2000122,1641.650024,,,,,,,208.6000061,,,638,,,,,238.4499969,,1563.050049,92.94999695,51.65000153,86.75,17914.75,,182.75,116.75,4384.799805,163.5,114.75,31526.40039,2317.699951,214.8999939,127.5999985,2296.5,,167.3999939,,,,,151.3999939,17.35000038,,,,,,,,1371,,703,,,4276.950195,,292.8999939,137.8500061,122.75,1458.599976,3195.800049,1127.800049,1739.150024,3037.399902,452.2000122,561.8499756,1418.349976,239.3500061,7700.450195,37.84999847,819.7000122,288.6000061,1031.25,590.4500122,12.85000038,199.1000061
30-07-2021 00:00,50.31000137,1420.25,674.5,95.84999847,719.8499756,411.1499939,4035,223.4499969,104,132.8000031,2958.449951,916.5999756,708.9000244,3829.600098,14222.2002,6228.100098,2373.850098,80.30000305,74.40000153,,,843.5499878,771.6500244,561.6500244,,,14968.25,,,,,,138.3999939,795.75,,,,,,,852.4000244,,,,4906.100098,,,,75.05000305,,,,87.44999695,,,,,,,,,,2763.300049,,,,2333.300049,,275.4500122,,632.9500122,,,52,,,981,,,,,431.75,,,,994.25,1654.800049,,,,,,,207.3500061,,,640.75,,,,,234.3500061,,1554.75,93.5,51.45000076,87.80000305,17702.65039,,181.1999969,118.1999969,4315.450195,166.8500061,115.3000031,31502.09961,2318.600098,218.25,129.9499969,2278.800049,,171.1499939,,,,,151.1000061,18.14999962,,,,,,,,1390.099976,,773.9500122,,,4225.899902,,293.9500122,139.75,125,1434.300049,3167.449951,1209.550049,1714.550049,3071.100098,455.2000122,579.2999878,1428.599976,238.6000061,7619.200195,36.84999847,808.5499878,301.8500061,1059.199951,587.1500244,12.75,202.75
02-08-2021 00:00,50.15000153,1438.199951,692,92.84999847,720.4500122,418.1000061,4048.149902,228.6000061,105.9000015,134.8000031,2974.050049,918.2999878,721.1500244,3841.550049,14125.15039,6200.5,2499.399902,80.75,74.19999695,,,841.0499878,785.2999878,565.1500244,,,15300.09961,,,,,,138.1499939,822.5999756,,,,,,,860.4500122,,,,4928.950195,,,,74.59999847,,,,86.55000305,,,,,,,,,,2782.199951,,,,2332.800049,,287,,633.8499756,,,51.84999847,,,988,,,,,424.5,,,,1000.450012,1665.099976,,,,,,,212.8000031,,,651.25,,,,,234.5,,1584.650024,95,50.65000153,86.65000153,17714.65039,,180.1499939,117.75,4285.799805,165.5,117.0999985,32465.44922,2489.850098,219.75,133.6000061,2262.550049,,171,,,,,156.6499939,18.5,,,,,,,,1375.849976,,775,,,4222.799805,,296.8500061,141,133.4499969,1410.050049,3219.399902,1210.699951,1771.550049,3076.350098,465.3999939,572.2000122,1440.699951,239.6499939,7642.049805,36.79999924,791.0499878,313.25,1053.5,592.25,12.75,202.4499969
03-08-2021 00:00,49.54999924,1442.800049,705.0499878,91.84999847,724.4500122,422.2000122,4092.699951,229.5500031,108.1999969,141.25,3027,916.9000244,738.5999756,3828.199951,14295,6331.899902,2519.699951,82.65000153,74.34999847,,,845.7999878,812.2000122,580.2000122,,,15238.75,,,,,,139.6999969,810.0999756,,,,,,,909.7000122,,,,5006.850098,,,,74.90000153,,,,89.15000153,,,,,,,,,,2819.100098,,,,2386.850098,,285.2999878,,651,,,51.70000076,,,1022.049988,,,,,421.75,,,,1028.400024,1685.650024,,,,,,,212.25,,,652.5999756,,,,,236.6999969,,1585.400024,94.44999695,49.70000076,88.05000305,18284.09961,,181.1499939,117.6500015,4280.350098,166,117.9000015,32922.60156,2507,220.8000031,132,2264.149902,,174.4499969,,,,,155.5,18.10000038,,,,,,,,1338.349976,,794.7999878,,,4320.899902,,303.7000122,145.25,132.6000061,1407.199951,3284.899902,1226.25,1840.199951,3101.5,464.4500122,571.7999878,1455.949951,236.8500061,7843.25,37.40000153,790.5499878,312.8999939,1035.349976,599.4000244,12.75,204.3000031
04-08-2021 00:00,49,1429.550049,694.7000122,90.25,721.1500244,419.0499878,4066.399902,225.4499969,108.1999969,135.1999969,3018.600098,906.5499878,753.7999878,3832,14187.2002,6359.149902,2496.449951,83.5,72.59999847,,,842.2000122,790.8499756,574.4000244,,,15455.90039,,,,,,139.9499969,780.7999878,,,,,,,894.6500244,,,,4964.25,,,,73.84999847,,,,87.75,,,,,,,,,,2805.5,,,,2377.100098,,271.1499939,,669.75,,,49.75,,,1020.549988,,,,,415.9500122,,,,1034.449951,1749.949951,,,,,,,211.1000061,,,643.0499878,,,,,236.5,,1592.300049,93.34999847,48.75,86.94999695,18057.34961,,179.1999969,117.8499985,4286.399902,165.6000061,117.3499985,32760.5,2550.5,215.5,130.8000031,2264.300049,,175.25,,,,,154.3999939,17.20000076,,,,,,,,1321.5,,785.75,,,4251.350098,,298.1499939,141.3500061,131.6499939,1416.199951,3273.949951,1216.5,1799.599976,3073.800049,471.75,568.7000122,1445.400024,227.6000061,7750,36.70000076,785,311,1032.650024,596.7999878,12.64999962,201.8000031
05-08-2021 00:00,49.75999832,1432.349976,693.5499878,88.15000153,717.7999878,418.8999939,4073.75,222.3999939,105.8499985,134.3500061,2988.399902,908.0999756,749.2999878,3818.75,13994.90039,6248.25,2497.25,82.44999695,70.84999847,,,838.2000122,781.2000122,598.7000122,,,14876.7998,,,,,,139.8500061,763.7999878,,,,,,,905.3499756,,,,4923.549805,,,,73.90000153,,,,85.94999695,,,,,,,,,,2818.800049,,,,2357.699951,,270.25,,650.5,,,47.79999924,,,997.7000122,,,,,425.3500061,,,,1016.950012,1771.75,,,,,,,212.3000031,,,646.5999756,,,,,236.8999939,,1584.150024,96.59999847,47.95000076,89.34999847,18208.75,,180.0500031,116.5,4401.549805,162.8500061,116.8499985,32684.94922,2598.800049,217.3500061,131.75,2249,,175.1999969,,,,,155.1000061,16.35000038,,,,,,,,1331.949951,,786.1500244,,,4264.549805,,299.7000122,140.3000031,134.5500031,1446.599976,3283.949951,1248.199951,1799.300049,3056.699951,473.2000122,567.5499878,1434.300049,218.25,7659,36.09999847,777.25,311.8500061,1045.300049,600.9000244,12.39999962,201.6000061
06-08-2021 00:00,49.70000076,1536.650024,710.7000122,92.55000305,731.2999878,403.8999939,4088.050049,223.3500061,101.8000031,134.1499939,2966.449951,901.2999878,740.8499756,3847.850098,14005.65039,6224.299805,2449.199951,83.40000153,70.90000153,,,827.7999878,779.5999756,607.9000244,,,14901.2998,,,,,,141,792.4500122,,,,,,,900.9000244,,,,4916,,,,73.90000153,,,,87.15000153,,,,,,,,,,2833.800049,,,,2371.5,,271.1000061,,650.9500122,,,49.20000076,,,1029.5,,,,,421.7000122,,,,1028.400024,1777.199951,,,,,,,207.4499969,,,647.8499756,,,,,236.1499939,,1547.199951,94.19999695,48.70000076,88.09999847,18020.65039,,178.3500061,117.6500015,4419.799805,167.3500061,116.6500015,32584.34961,2666.350098,216.1000061,133.5500031,2223.300049,,175,,,,,156.4499969,17.10000038,,,,,,,,1315.949951,,785.2000122,,,4229.450195,,300.0499878,142.1000061,135.1499939,1428.849976,3309.800049,1264.599976,1787.75,3063.949951,475.0499878,569.9500122,1429.75,222.1999969,7527.649902,35.95000076,777.2999878,314.1499939,1047.900024,598,12.5,196.5500031
09-08-2021 00:00,48.97999954,1493.400024,699.9000244,90.34999847,728.5999756,405.4500122,4003.699951,222.9499969,97.5,132.0500031,2992.550049,887.7000122,755.5,3855.149902,14242.90039,6193.149902,2343.850098,81.15000153,69.69999695,,,812.8499756,775.0999756,599.25,,,14711,,,,,,140.6000061,776.0499878,,,,,,,908.9000244,,,,4905.700195,,,,74.75,,,,87.75,,,,,,,,,,2836.300049,,,,2384.5,,267.3999939,,651.9000244,,,47.40000153,,,1042.800049,,,,,418.1499939,,,,1033.949951,1780.900024,,,,,,,200.8999939,,,643.1500244,,,,,230.8999939,,1499.199951,82.75,47.84999847,85.19999695,18202.30078,,174.4499969,116.6999969,4458,165.5,115,32470.69922,2814.100098,213.3000031,131.3999939,2231.800049,,176.4499969,,,,,153.3500061,16.35000038,,,,,,,,1302.75,,788.7999878,,,4268.299805,,298.1000061,141.3000031,132.0500031,1412.199951,3322.699951,1287.449951,1799.150024,3073.5,456.3999939,565.8499756,1414.349976,217.3000031,7495.649902,35.65000153,778.0999756,309.5499878,1024.699951,596.7999878,12.44999981,191.25
10-08-2021 00:00,48.27000046,1446.5,693,85.84999847,723.4000244,400.7000122,4062.800049,215.3500061,93.30000305,131.3500061,2977.149902,879.5,761.5499878,3797.949951,14036.5,6170.100098,2319,78.09999847,67.40000153,,,811,750.7999878,622.2000122,,,14443.59961,,,,,,138.75,759.6500244,,,,,,,945.0499878,,,,4955.049805,,,,73.15000153,,,,86.40000153,,,,,,,,,,2797.050049,,,,2381.800049,,252.8500061,,658.7000122,,,45.84999847,,,1033.599976,,,,,400.4500122,,,,1008.349976,1813.25,,,,,,,191.5,,,637.2999878,,,,,223.1999969,,1475,78.30000305,46.5,83.34999847,18273.30078,,168.3999939,114.3499985,4501.5,160.75,114.8499985,32142.40039,2786.149902,213.6000061,128.3000031,2222.350098,,172.6000061,,,,,148.3999939,15.55000019,,,,,,,,1275.5,,793.3499756,,,4238.600098,,294.2000122,136.8999939,130.0500031,1373.599976,3333.899902,1323.050049,1799.199951,3026.649902,456.4500122,555.7999878,1393.650024,214.3500061,7474.149902,34.54999924,771.0999756,304.75,998.2000122,603.8499756,12.30000019,183.3999939
11-08-2021 00:00,48.83000183,1437.050049,699.1500244,83.40000153,719.2999878,398.25,4026.350098,213.5,96.30000305,133.5,2972.600098,856.5,760.7999878,3727.149902,14206.2002,6167.799805,2289.75,80.65000153,67.44999695,,,818.4000244,782.7000122,620.8499756,,,14310.7998,,,,,,136.25,765.1500244,,,,,,,944.75,,,,4919.100098,,,,72.75,,,,85.19999695,,,,,,,,,,2781.600098,,,,2390.449951,,246.9499969,,656.4000244,,,46.90000153,,,1041.199951,,,,,421.3500061,,,,1014.75,1780.599976,,,,,,,168.25,,,646.0499878,,,,,224.3999939,,1443.300049,82.34999847,45.09999847,84.19999695,18167.80078,,171.8000031,116.9499969,4447.350098,163.5,117,32980.60156,2729.699951,214.25,128.8999939,2260.25,,176.3500061,,,,,148.6499939,15.14999962,,,,,,,,1295,,779.5499878,,,4195.299805,,295.4500122,136.1000061,129.6000061,1426.199951,3344.199951,1323.599976,1789.400024,2902.050049,457.2000122,560.8499756,1389.300049,211.0500031,7452.450195,34.70000076,773.7999878,324.4500122,1000.5,601.25,11.94999981,181.5
12-08-2021 00:00,48.93000031,1442.900024,704.0499878,85,729.5,399.7999878,4133.100098,224.5,100.0500031,133.6000061,2975.5,826.2000122,757.3499756,3769.350098,14340.7002,6199.5,2299.850098,81.55000305,68.84999847,,,814.9500122,827.5,623.1500244,,,14306.9502,,,,,,136.3500061,765.4000244,,,,,,,948.9000244,,,,4908.850098,,,,71.94999695,,,,85.59999847,,,,,,,,,,2782.949951,,,,2392.300049,,248.3500061,,669.5999756,,,45.90000153,,,1035.349976,,,,,424.25,,,,1030.949951,1787.699951,,,,,,,166.8000031,,,655.9500122,,,,,223.6999969,,1448.449951,84.55000305,46.90000153,85.15000153,18133.84961,,173.4499969,119.1500015,4671.25,164.5,116.25,32373.59961,2718.800049,214.3000031,129.6499939,2220.800049,,187,,,,,151,15.89999962,,,,,,,,1309.400024,,778.6500244,,,4293.600098,,306,143.75,133.6499939,1435.349976,3351.75,1386.550049,1823.599976,2911.850098,468.3500061,552,1389.650024,212.1499939,7468.700195,35.04999924,777.0999756,323.5499878,986.1500244,605.8499756,11.94999981,184.8999939
13-08-2021 00:00,48.74000168,1437,704.1500244,84.94999695,729.25,402.4500122,4064.100098,225.1000061,98.05000305,130.3000031,2988.699951,761.2999878,759.9000244,3825.75,14317.5,6156.549805,2292.100098,80.94999695,68.40000153,,,811.1500244,819.7000122,637.0499878,,,14436.7998,,,,,,135.0500031,788.75,,,,,,,975.5499878,,,,4948.700195,,,,70.75,,,,85.30000305,,,,,,,,,,2772.199951,,,,2404.5,,249.6499939,,671.4000244,,,45.5,,,1024.150024,,,,,424.25,,,,1013.150024,1788,,,,,,,165.6999969,,,660.5,,,,,221.4499969,,1451.199951,83.75,46.34999847,83.40000153,18269.55078,,171.75,118.25,4618.450195,166.3500061,116.0999985,31183.44922,2724.899902,215.8000031,128.3500061,2206.699951,,184.75,,,,,146.8500061,15.55000019,,,,,,,,1295.050049,,778.2999878,,,4329.100098,,307.25,142.25,132.5500031,1461.650024,3463.399902,1383.150024,1837.900024,2963.75,464.25,553.3499756,1396.550049,213.1999969,7460.700195,35,779.0999756,328.6499939,985.8499756,615.5,11.89999962,183.25
16-08-2021 00:00,48.54000092,1430.099976,706.9000244,83.05000305,720.4000244,396.25,4345.100098,225.9499969,95.34999847,128,2971.399902,738.0499878,762,3748.449951,14549.2998,6377.149902,2284.350098,79.5,67.75,,,815.0499878,804.3499756,634.0499878,,,14206.2002,,,,,,135.9499969,815.5499878,,,,,,,984,,,,4898.950195,,,,70.94999695,,,,84.80000305,,,,,,,,,,2747.350098,,,,2426.399902,,254.3500061,,671.7999878,,,44.84999847,,,1019,,,,,430.2999878,,,,1046.300049,1782.349976,,,,,,,170.1000061,,,656.6500244,,,,,218.5,,1474,83.19999695,44.79999924,81.19999695,18295.25,,172.3999939,118.8499985,4618.299805,163.0500031,115.5,30306.5,2767.800049,214.5500031,132.1999969,2218.899902,,180.6999969,,,,,151.8500061,14.80000019,,,,,,,,1296.650024,,780.7999878,,,4403.850098,,303.7000122,140.3000031,132.1000061,1519.400024,3472.949951,1367.849976,1837.199951,2954.850098,459.9500122,538.25,1386.449951,207.25,7346.649902,35,772.7999878,336.5,988,614.0499878,11.69999981,181.1000061
17-08-2021 00:00,48.50999832,1441.650024,692.6500244,79.94999695,711.2000122,401.5,4920.5,222.1499939,92.80000305,126.4000015,3015.300049,731.4500122,756.75,3807.449951,14737.25,6410.100098,2301.899902,78.05000305,66.69999695,,,814.9500122,810.7999878,626.3499756,,,13994.7002,,,,,,133.4499969,810.5999756,,,,,,,1019.700012,,,,4908.350098,,,,71.65000153,,,,83.25,,,,,,,,,,2782.600098,,,,2483.800049,,248.9499969,,676.2999878,,,44.15000153,,,1000.200012,,,,,414.9500122,,,,1051.650024,1788.349976,,,,,,,168.9499969,,,660.2000122,,,,,216.1499939,,1473.900024,80.69999695,44.75,80.69999695,18732.55078,,167.5,117.4000015,4605.450195,166.8999939,113.8499985,30613.19922,2701.600098,223.6499939,128.5500031,2216.100098,,183.25,,,,,147.6000061,14.5,,,,,,,,1280.349976,,784.1500244,,,4715.25,,297.7000122,137.75,131.1000061,1503.699951,3553.050049,1413.699951,1874.449951,3008.050049,456.1499939,529.7999878,1407.050049,205.25,7409.049805,34.29999924,760.75,303.1499939,989.3499756,634.9000244,11.25,178.75
18-08-2021 00:00,48.75,1460,705.4000244,77.30000305,711.5,409.3999939,4787.899902,220.25,94.05000305,125.1500015,3001.550049,721.6500244,754.4000244,3833.050049,15006.34961,6544.100098,2276.699951,78.75,66.69999695,,,813.7000122,802.9000244,622.9500122,,,13978.25,,,,,,131.8999939,789.4500122,,,,,,,1030,,,,4910.450195,,,,71.15000153,,,,83.25,,,,,,,,,,2763.600098,,,,2486.050049,,241.3500061,,680.7000122,,,44.65000153,,,989.6500244,,,,,408,,,,1106.949951,1749.699951,,,,,,,165.5,,,724.4500122,,,,,214.3000031,,1479.400024,78.65000153,43.59999847,79.69999695,18911,,166.9499969,116.5500031,4524.649902,163.5500031,113.1999969,30823.90039,2701.5,223.6499939,128.1999969,2225.300049,,180.6000061,,,,,148.0500031,14.55000019,,,,,,,,1293.849976,,782.9000244,,,4722.200195,,293.3500061,135.8500061,130.4499969,1500.449951,3560.550049,1412.5,1880.300049,3052.25,460.1000061,525,1495.400024,202.5500031,7601.450195,34.70000076,762.2000122,295.8999939,988.5999756,629.4000244,11.30000019,176.6999969
20-08-2021 00:00,48.43999863,1430.099976,687.2000122,77.44999695,697.25,391.7999878,4746.5,211.5500031,90.15000153,119,3112.949951,681.0999756,740.25,3751.5,14978.5498,6661.100098,2236.199951,74.15000153,64.15000153,,,819.25,752.8499756,613.7000122,,,13676.34961,,,,,,130.3500061,766.9500122,,,,,,,992.0499878,,,,4818.700195,,,,70.09999847,,,,79.90000153,,,,,,,,,,2697.5,,,,2619.399902,,224.1499939,,666.2000122,,,41.79999924,,,979.4500122,,,,,376.8500061,,,,1075.199951,1703.550049,,,,,,,158.3000031,,,703.9000244,,,,,203.3000031,,1457.949951,73.30000305,42.84999847,77.25,19571.25,,151,114.1500015,4438.950195,166.3500061,110.1999969,31116.55078,2636.399902,226.8999939,124.4000015,2267.199951,,178.6000061,,,,,143.9499969,13.89999962,,,,,,,,1254.5,,761.1500244,,,4732.600098,,283.1000061,132.8000031,126.1999969,1375.599976,3559.5,1399.199951,1876.800049,3036.100098,453.1000061,510.5,1452.199951,177.8000031,7493.350098,33.5,728.25,269.25,977.7000122,620.0499878,11.14999962,170.4499969
23-08-2021 00:00,48.97999954,1396.699951,668.2999878,73.59999847,680.5,390.6499939,4743.25,205.3500061,85.84999847,117.75,3077.449951,682.9500122,736.0999756,3668.25,15271.90039,6752.200195,2279.850098,73.19999695,62.5,,,795.4500122,719.6500244,622.6500244,,,13650.5498,,,,,,127.6500015,743.5999756,,,,,,,975.5,,,,4874.649902,,,,67.84999847,,,,78.25,,,,,,,,,,2680.600098,,,,2634.149902,,218.75,,681.4500122,,,40.95000076,,,988.5999756,,,,,363.6000061,,,,1083.949951,1716.849976,,,,,,,158.4499969,,,701.8499756,,,,,199.8999939,,1458.25,74.75,40.90000153,70.84999847,20021.05078,,146.8000031,113.4000015,4414.649902,168.1499939,111.75,30908.65039,2552.25,225.6999969,123.1500015,2227.300049,,175.6499939,,,,,140.5500031,13.25,,,,,,,,1245.699951,,759.3499756,,,4685.299805,,276.9500122,131.1999969,124.9499969,1358.650024,3637.399902,1416,1870.349976,3061.949951,453.5499878,501.2999878,1459.650024,151.75,7351,33,718.9500122,273.9500122,972.8499756,628.8499756,10.80000019,169.9499969
24-08-2021 00:00,48.79000092,1437.800049,695.4000244,77.25,685.9500122,395.3500061,4840.75,209,93.25,119.6999969,3045.949951,688.2000122,746.3499756,3714.75,16461.69922,6980.100098,2287.449951,75.5,63.5,,,790.9500122,741,620.0999756,,,13884,,,,,,130.1499939,765.1500244,,,,,,,996.25,,,,4863.200195,,,,68.05000305,,,,80.09999847,,,,,,,,,,2675.850098,,,,2633,,224.8999939,,669,,,42.90000153,,,1005.049988,,,,,372.75,,,,1088.449951,1704.900024,,,,,,,163.5,,,692.8499756,,,,,208.75,,1503.050049,80.40000153,44.15000153,75.84999847,19779.84961,,154.75,113.9499969,4585.899902,171.1000061,113.1999969,31242.19922,2609.649902,228.4499969,125.25,2208.149902,,176.6000061,,,,,144.3999939,13.89999962,,,,,,,,1279.550049,,771.3499756,,,4745.899902,,279.7999878,134.6999969,125.9000015,1404.650024,3613.199951,1463.349976,1869.599976,3056.550049,460.4500122,508.0499878,1454.099976,157.4499969,7455.350098,33.34999847,731.0499878,286.3999939,973.6500244,633.5499878,11,172.0500031
25-08-2021 00:00,48.93999863,1475.349976,720.75,81.09999847,675.3499756,397.0499878,4771.649902,207.5,91.25,118.9000015,3038.050049,696.7000122,739.0499878,3689.649902,15904.40039,6944.950195,2275,75.09999847,64.84999847,,,784.5,731.0999756,612.4500122,,,13865.75,,,,,,133.3000031,753.8499756,,,,,,,989.7000122,,,,4856.5,,,,69.30000305,,,,80.44999695,,,,,,,,,,2673.949951,,,,2645,,223.3500061,,655.4000244,,,42.54999924,,,1005.549988,,,,,375.3999939,,,,1087.25,1697.199951,,,,,,,162.3999939,,,683.6500244,,,,,211.3999939,,1481,81.19999695,45.09999847,75.25,19909.84961,,156.25,114,4711.5,176.0500031,115.6500015,31061.40039,2563.699951,228.1000061,125.8499985,2214.850098,,175.5,,,,,145.25,14.55000019,,,,,,,,1267.349976,,769.0499878,,,4810.049805,,284.3999939,138.6000061,126.0500031,1390.199951,3659,1463.099976,1822.650024,3054.25,472.6499939,519.25,1432.199951,164.6999969,7382.350098,33.5,726.0999756,290.0499878,960.2000122,631.6500244,10.94999981,170.1499939
26-08-2021 00:00,49.31999969,1475.699951,721.7000122,85.15000153,666.2999878,398.3500061,4700.399902,208.8500061,91.05000305,117.5500031,3039.649902,699.0999756,746.3499756,3691.399902,15958.7998,6931.950195,2272.300049,74.09999847,65.75,,,786.5499878,727.0999756,586.9000244,,,13648.40039,,,,,,135.1499939,756.5999756,,,,,,,981.0999756,,,,4846.700195,,,,69.5,,,,78.19999695,,,,,,,,,,2647.550049,,,,2666.399902,,219,,651.8499756,,,42.20000076,,,1001.5,,,,,371.25,,,,1163.349976,1697.5,,,,,,,161.3999939,,,684.4000244,,,,,213.3000031,,1485.400024,78.80000305,44.09999847,75.90000153,20052.69922,,148.5500031,112.75,4739,179.6499939,115.5500031,30471.75,2567.050049,227.6000061,124.6500015,2227.699951,,173.1000061,,,,,144.1000061,15.14999962,,,,,,,,1265.449951,,760.5499878,,,4861.600098,,284.2999878,139.3500061,125.6500015,1375.050049,3671.850098,1449.5,1815.349976,3052.75,473.1499939,509.2000122,1435.75,160.1499939,7307.100098,33.54999924,719.6500244,287.5499878,957.4000244,628.9500122,10.94999981,168.0500031
27-08-2021 00:00,49.84999847,1506.050049,727,89.40000153,682.8499756,410.0499878,4765.100098,208.9499969,91.05000305,120.25,3036.800049,710,752.4000244,3699.449951,16195.59961,6966.600098,2290.850098,74.55000305,67.40000153,,,785.8499756,729.4500122,595.1500244,,,13642.75,,,,,,133.6499939,747.0999756,,,,,,,980,,,,4910.700195,,,,70.59999847,,,,77.94999695,,,,,,,,,,2674.050049,,,,2677.949951,,220,,656.1500244,,,42.5,,,990.2000122,,,,,371.5,,,,1185.050049,1713.550049,,,,,,,160.3500061,,,700.4500122,,,,,214.25,,1491.699951,85,44.15000153,76.44999695,19957.34961,,152.1999969,113.4000015,4763.549805,176.5500031,116.6500015,30859.05078,2571.100098,227.8500061,126.3000031,2225.199951,,174.3500061,,,,,146.3000031,14.80000019,,,,,,,,1281.400024,,771.7999878,,,4868.649902,,285.75,136.6000061,127.25,1384.150024,3720.149902,1445.400024,1822.550049,3046.899902,488.1499939,511.1000061,1448.599976,157,7565.600098,34.15000153,729.25,292.6000061,985.3499756,634.9500122,11.05000019,170.75
30-08-2021 00:00,50.65000153,1516.550049,730,93.84999847,694,417.7000122,4757.549805,212.4499969,92.75,121.6999969,3108.75,716.0499878,784.0499878,3720.399902,16560.40039,7165.5,2272.649902,76.94999695,67.94999695,,,810.6500244,759.7999878,620.4500122,,,13826,,,,,,133.1000061,763,,,,,,,999.4000244,,,,5104.25,,,,71.80000305,,,,81.34999847,,,,,,,,,,2726.25,,,,2687.699951,,227.9499969,,659,,,43.45000076,,,1005.099976,,,,,381.4500122,,,,1166.199951,1735.849976,,,,,,,160.4499969,,,708.6500244,,,,,218.6499939,,1503.199951,87.94999695,44.45000076,77.59999847,19742.25,,155.5500031,114.9499969,4713.850098,174.0500031,120.1500015,31424.19922,2599.5,230.3000031,129.8000031,2262.149902,,175.5,,,,,149.8500061,15.10000038,,,,,,,,1334.949951,,787.2000122,,,4826.75,,291.9500122,139.6999969,129.1499939,1440.599976,3701.300049,1419.199951,1878.449951,3092.399902,490.8500061,519.7999878,1469.150024,157.25,7703.799805,34.90000153,740.4500122,298.6000061,986.3499756,632.4500122,10.89999962,173.1000061
31-08-2021 00:00,51.02000046,1587.599976,748.2999878,98.5,699.25,421.0499878,4969.549805,212.9499969,90.5,122.75,3201.350098,727.2999878,786.5,3727.850098,17148.75,7524.5,2294.899902,77.34999847,66.34999847,,,820.7999878,767.2000122,664.0499878,,,13859.2002,,,,,,134,777.5,,,,,,,999.1500244,,,,5173.600098,,,,73.09999847,,,,81.25,,,,,,,,,,2741.850098,,,,2724.100098,,224,,659.0999756,,,42.95000076,,,992.4000244,,,,,376.9500122,,,,1175.199951,1753.699951,,,,,,,160.3999939,,,715.1500244,,,,,218.6000061,,1514,90.75,44.34999847,79.25,19467.75,,154.0500031,115.9499969,4699.549805,182,120.5500031,31499.09961,2606.649902,227.6000061,129.0500031,2280.350098,,175.3500061,,,,,151.6999969,14.75,,,,,,,,1352.699951,,794.0499878,,,4770.950195,,287.2999878,136.5500031,129.0500031,1450.25,3786.449951,1447.650024,1921.599976,3105.899902,481.5,525.1500244,1475,153.8000031,7832.450195,35.40000153,741.25,302.7999878,995.8499756,640.9500122,10.80000019,171.6499939
01-09-2021 00:00,50.84999847,1565.199951,744.75,103.4000015,712.0999756,421.5,5039.049805,218.6999969,90.44999695,122.5,3302.75,729.9000244,798.9000244,3758.300049,16786.30078,7519.600098,2329.699951,78.34999847,63.54999924,,,828.6500244,781.0499878,666.4000244,,,14011.5,,,,,,133.9499969,827.0999756,,,,,,,1005.950012,,,,5202.649902,,,,72.25,,,,82.40000153,,,,,,,,,,2740.850098,,,,2732.899902,,232.1000061,,658.4500122,,,44.45000076,,,998.75,,,,,370.7999878,,,,1159.349976,1746.650024,,,,,,,164.1499939,,,735.7000122,,,,,217.1999969,,1525.050049,88.5,45.70000076,78.30000305,19826.84961,,152.1999969,115.4000015,4653.5,179.5,119.6999969,32108.25,2594.550049,227.75,129.3000031,2313.800049,,175.6499939,,,,,152.6000061,14.30000019,,,,,,,,1329.900024,,788.5,,,4848.5,,295.25,139.4499969,133.3999939,1411.199951,3714.949951,1436.300049,1939.400024,3167.5,487.8500061,529.8499756,1543.300049,156.4499969,7766.950195,35.34999847,748.6500244,298.0499878,1045.800049,642.0499878,11.10000038,173.8500061
02-09-2021 00:00,51.43999863,1570.550049,753.8499756,108.5500031,720.2000122,428.7000122,5043.5,221.6499939,93.55000305,121.8499985,3301.600098,746.8499756,802.7000122,3720.949951,16703.25,7498.450195,2389.050049,78.40000153,59.59999847,,,834.0499878,781.4000244,666.5,,,14085.59961,,,,,,134.6000061,821.3499756,,,,,,,1040.300049,,,,5165.549805,,,,71.94999695,,,,82.80000305,,,,,,,,,,2730.350098,,,,2801.050049,,232.8000031,,676.0999756,,,44.90000153,,,1010.099976,,,,,377.75,,,,1200.650024,1776.400024,,,,,,,165.1000061,,,748.0499878,,,,,217.6999969,,1525.150024,89.55000305,44.90000153,78.05000305,20240.59961,,153.3000031,116.5,4717.600098,179.25,118.6500015,32049.55078,2608.800049,227.1499939,128.3000031,2340.699951,,175.75,,,,,152.9499969,14.80000019,,,,,,,,1343.050049,,789.9500122,,,4922.899902,,293.1499939,140.3999939,133.6000061,1425.099976,3836.75,1437.800049,1967.099976,3143.149902,485.0499878,530.1500244,1563.25,158.0500031,7952.75,35.20000076,753.3499756,305.7999878,1085.349976,651.4500122,11.14999962,172.6499939
03-09-2021 00:00,51.93000031,1565.550049,754.9000244,103.1500015,721.6500244,437.1000061,5014.549805,223.0500031,92.69999695,120.5999985,3338.800049,757.9000244,798,3757.5,16734.34961,7523.399902,2411.149902,79.19999695,59.29999924,,,831.3499756,791.2999878,658.4500122,,,14310.40039,,,,,,136.0500031,849.3499756,,,,,,,1025.949951,,,,5208.299805,,,,71.90000153,,,,82.84999847,,,,,,,,,,2799.449951,,,,2766.699951,,230.6499939,,697.75,,,45.65000153,,,1003.75,,,,,392.6000061,,,,1198.25,1791.849976,,,,,,,163.6499939,,,752.9500122,,,,,218.6499939,,1507,93.90000153,44.90000153,80.59999847,20266.65039,,154.6000061,117,4749,179.8999939,123.0999985,32473.30078,2614.899902,229.8000031,128.5500031,2327.399902,,175.5500031,,,,,154.25,14.85000038,,,,,,,,1350.050049,,789.4000244,,,4886,,295.5499878,140.25,133.8500061,1443.650024,3842.050049,1441.949951,2019.300049,3189.649902,486.25,540.4000244,1571.699951,156.8000031,7929.850098,35.34999847,752.7999878,308.2999878,1088.949951,655.0999756,11.10000038,176.3999939
06-09-2021 00:00,51.99000168,1582,751.2000122,98,720.3499756,438.2999878,4995.5,221.6999969,92.84999847,121.8000031,3315.550049,754.75,800.7999878,3781.100098,16747,7506.350098,2454.149902,78.90000153,59.90000153,,,834.9500122,788.1500244,654.5999756,,,14287.0498,,,,,,135.75,867.9500122,,,,,,,1047.300049,,,,5205.100098,,,,73,,,,82.40000153,,,,,,,,,,2817.199951,,,,2780.600098,,231.1000061,,693.9500122,,,45.15000153,,,991.9500122,,,,,390.2999878,,,,1178.75,1774.550049,,,,,,,168.3000031,,,749.2999878,,,,,214.3500061,,1525,99.19999695,44.45000076,79,20223.19922,,153.6499939,116.4499969,4818,176.1999969,121.6500015,32014.19922,2640.550049,230.5,128.3500061,2341.399902,,174.1000061,,,,,152.75,15.55000019,,,,,,,,1346.449951,,784.25,,,4876.299805,,297.4500122,139.6499939,132.1999969,1437,3852,1461.150024,2020.650024,3130.5,478.8500061,546.4500122,1581.099976,153.0500031,7952.600098,35.15000153,755.75,315.1499939,1123.199951,686.4500122,11,179.5
07-09-2021 00:00,50.93999863,1558.099976,745.5,93.09999847,719.7000122,441.5,4877.049805,218.25,93.19999695,120.5999985,3336.25,746.2999878,787.8499756,3770.699951,16781.19922,7457.299805,2474.350098,78.09999847,57.95000076,,,833.9000244,777.2000122,670.5499878,,,14360.59961,,,,,,134.9499969,878.6500244,,,,,,,1039.449951,,,,5210.100098,,,,72.34999847,,,,81.55000305,,,,,,,,,,2797.75,,,,2777.699951,,226.3500061,,702.0999756,,,46.40000153,,,1001.25,,,,,399.8500061,,,,1182.150024,1764.849976,,,,,,,163.8999939,,,752.6500244,,,,,212,,1531.150024,96.30000305,44.04999924,77.44999695,20368.44922,,151.3500061,115.8499985,4743,180.4499969,119.9499969,32052.44922,2580.699951,231.25,127.5500031,2335.75,,173,,,,,150.8500061,16.29999924,,,,,,,,1344.800049,,769.9000244,,,4919.5,,294.6000061,138.6999969,130.0500031,1428.699951,3815.899902,1435.199951,2033.900024,3094.550049,471.7000122,553.7999878,1575.349976,137.75,8026.25,34.75,752.0499878,311.9500122,1187.25,674.25,10.89999962,177.8500061
08-09-2021 00:00,51.40000153,1555.949951,746.8499756,97.75,720.5999756,435.9500122,4811.399902,214.8000031,98.19999695,121.6999969,3336.600098,743.25,794.7000122,3725.350098,16560.75,7463.200195,2476.699951,79.34999847,57.5,,,831.2000122,772.4000244,667.8499756,,,14272,,,,,,135.75,869.7000122,,,,,,,1041.550049,,,,5085.049805,,,,72,,,,83.09999847,,,,,,,,,,2798.350098,,,,2800.899902,,229.75,,717.1500244,,,46.15000153,,,999.5999756,,,,,395.7999878,,,,1196.449951,1815.349976,,,,,,,164.8000031,,,748.0999756,,,,,211.0500031,,1544.949951,96.40000153,43.84999847,76.94999695,19839.59961,,152.25,114.0500031,4711.200195,189.6499939,118.9499969,31900.69922,2579.449951,230.5,132.1999969,2313.300049,,172.8500061,,,,,157.5500031,17.10000038,,,,,,,,1365.050049,,777.4500122,,,4864.600098,,295.25,138.5500031,133.25,1429.849976,3774.149902,1427.849976,2055.949951,3100.550049,482.5499878,546.5999756,1592.599976,143.1499939,7992.899902,34.84999847,762,298.9500122,1206.599976,662.2000122,10.89999962,177.3999939
09-09-2021 00:00,50.75,1545,749.7000122,102.5500031,721.3499756,438.3500061,4719.549805,214.9499969,97.44999695,125.3000031,3346.350098,741.75,790.1500244,3700.600098,16750.5,7430.649902,2456.199951,79.15000153,57.20000076,,,836.5499878,773.8499756,686.1500244,,,14328.65039,,,,,,137.6499939,854.9500122,,,,,,,1044,,,,5054.899902,,,,71.80000305,,,,82.40000153,,,,,,,,,,2796.699951,,,,2810.649902,,227.4499969,,696.7000122,,,46.90000153,,,999.5,,,,,400.3500061,,,,1188.25,1817.849976,,,,,,,165.0500031,,,755.4000244,,,,,212.6499939,,1538.900024,97.94999695,43.84999847,78.69999695,20457.19922,,152,114.5500031,4767.549805,194.8999939,122.1500015,32096,2575.649902,231.6000061,135.1999969,2348.25,,173.5,,,,,157.3000031,17.95000076,,,,,,,,1348.349976,,776.2999878,,,4928.75,,298.9500122,140.9499969,132.75,1447,3791.399902,1433.25,2034.300049,3108.350098,477.4500122,544.75,1599.949951,157.3500061,7939.649902,34.90000153,757.9000244,301.8500061,1213.099976,662.3499756,10.94999981,183
13-09-2021 00:00,49.88000107,1532.449951,745.0999756,100.5500031,718.0499878,436.25,4745.850098,214.8999939,97.84999847,123.3000031,3367.050049,736.1500244,788.3499756,3699.550049,16938.19922,7445.549805,2448.600098,78.25,56.20000076,,,839.2999878,774.5,693.2999878,,,14566.09961,,,,,,138.8999939,848.5999756,,,,,,,1044.150024,,,,5085.200195,,,,72.59999847,,,,82.09999847,,,,,,,,,,2789.800049,,,,2786.350098,,228.9499969,,693.4000244,,,46.84999847,,,996.2999878,,,,,403.5,,,,1172.699951,1840.050049,,,,,,,165.3000031,,,754.5999756,,,,,213.25,,1544.550049,100.75,43.20000076,77.94999695,20452.25,,151.5500031,115,4856.049805,193.3500061,123.0500031,32077.75,2570.600098,230.0500031,138.6999969,2397,,173.8999939,,,,,158.0500031,18.79999924,,,,,,,,1341.699951,,780.2999878,,,5009.299805,,301.2000122,140.9499969,131.0500031,1463.449951,3845.350098,1429.5,2030.650024,3126.050049,480.75,545.6500244,1599.099976,165.5,7944.450195,34.65000153,756,308.5499878,1213.050049,670.75,11.10000038,186.8500061
14-09-2021 00:00,50.68000031,1513.199951,755.4000244,99.19999695,736.7000122,432.4500122,4732.450195,221.0500031,95.69999695,124.8499985,3362.5,748.0499878,794.4000244,3751.050049,16831.25,7417.549805,2472.5,78.65000153,56.09999847,,,834.8499756,780.0499878,681.4066162,,,14569,,,,,,138.4499969,846.4500122,,,,,,,1038.650024,,,,5094.850098,,,,73,,,,82.34999847,,,,,,,,,,2851.699951,,,,2762.550049,,239.3000031,,689.9000244,,,47.95000076,,,1036.599976,,,,,401.1000061,,,,1163.699951,1867.75,,,,,,,166.1999969,,,758.9000244,,,,,221.9499969,,1542.400024,98.15000153,45.25,79.84999847,20230.44922,,151.8999939,115.9000015,4832.899902,198.3999939,123.9499969,32590.44922,2648.699951,231.0500031,138.25,2408.850098,,174.1000061,,,,,157.4499969,19.70000076,,,,,,,,1352.800049,,781.4000244,,,4987,,306.1000061,143.1499939,133,1452.300049,3885.899902,1452.050049,2055.699951,3133.100098,482.25,549.9500122,1586.599976,160.4499969,7856.450195,34.45000076,752.5,303.2000122,1227.75,673.4500122,12.44999981,261.5499878
15-09-2021 00:00,50.15999985,1516.800049,765.9500122,99.5,742.25,437.0499878,4792.049805,222.3999939,95.84999847,128.3500061,3352.300049,759,791.4000244,3779.100098,16828.90039,7414.149902,2500.75,81.30000305,56.79999924,,,837.4500122,787.5499878,712.1297607,,,14580.2002,,,,,,137.9499969,842.75,,,,,,,1041.300049,,,,5158.899902,,,,73.75,,,,83.65000153,,,,,,,,,,2874.949951,,,,2775.449951,,235.75,,695.5,,,48.65000153,,,1053.949951,,,,,401.8999939,,,,1149.75,1871.699951,,,,,,,167.6999969,,,752.5499878,,,,,228.25,,1542.349976,96,45,85.69999695,20119.19922,,154.25,124.1999969,4866.850098,205.8500061,128.4499969,32685.55078,2649.949951,233.1499939,137.4499969,2400.75,,177.8999939,,,,,161.3000031,20.64999962,,,,,,,,1366.800049,,780.6500244,,,5113.399902,,311.9500122,161.5,140.0500031,1455.099976,3954.550049,1464.849976,2119.850098,3122.449951,488.8999939,548.3499756,1592.199951,162.9499969,7820.850098,34.84999847,762.0999756,307.2000122,1242.150024,674.0499878,12.69999981,255.8999939
16-09-2021 00:00,49.5,1503.199951,769.6500244,98.55000305,737.3499756,430.2000122,4880.75,221.9499969,94.40000153,127.25,3342.100098,754.75,802.5999756,3813.5,16733,7411.5,2510.649902,85.90000153,60.04999924,,,833.7000122,778.4500122,705.3569336,,,15279.59961,,,,,,141.6499939,835.25,,,,,,,1032.050049,,,,5166.899902,,,,73.59999847,,,,85.90000153,,,,,,,,,,2920.399902,,,,2768.25,,241.8500061,,699.7000122,,,50.95000076,,,1130.949951,,,,,395.1000061,,,,1180.199951,1906.800049,,,,,,,168.0500031,,,743.0999756,,,,,224.3000031,,1553.5,96.40000153,44.75,82.90000153,20027.84961,,152.1000061,124,4807.299805,211.5,128.6999969,33152,2648.649902,232.8000031,136.3500061,2401.050049,,179.4499969,,,,,156.3000031,21.64999962,,,,,,,,1406.400024,,781.0499878,,,5153.600098,,311.6499939,157,140.25,1436.75,3903.300049,1448.349976,2108.699951,3114.25,495,544.7000122,1601.949951,161.6000061,7765.450195,36.70000076,754,309.1000061,1248,667.8499756,14.69999981,247.1499939
17-09-2021 00:00,49.56000137,1480.25,767.0999756,100.4499969,728.4500122,419.7999878,4908.25,223.6000061,94.19999695,125.1500015,3303.050049,746.2000122,807.3499756,3822.199951,16840.19922,7428.799805,2490.100098,82.30000305,58.25,,,818.75,761.5499878,714.730896,,,15076,,,,,,136.4499969,850,,,,,,,1007.700012,,,,5122.799805,,,,73.59999847,,,,83.30000305,,,,,,,,,,2932.100098,,,,2722.25,,228.75,,703.5499878,,,49.15000153,,,1130,,,,,386.6000061,,,,1155,2007.949951,,,,,,,163.75,,,741.75,,,,,223,,1513.5,94.15000153,44.04999924,80,20175.69922,,147.3999939,123.75,4790.799805,199.8000031,127.75,33121.25,2634.699951,232.1999969,138.3000031,2368.449951,,178.8000031,,,,,157.0500031,21.04999924,,,,,,,,1360.800049,,769.9000244,,,5490.649902,,308.6000061,146.5500031,137.8999939,1385.900024,3827.850098,1451.550049,2095.600098,3097.199951,481.8999939,547.0999756,1594.650024,155.5,7711.850098,35.90000153,742.3499756,302,1254.150024,665.25,13.25,255.4499969
20-09-2021 00:00,48.70999908,1418.849976,748.9000244,95.44999695,729.2000122,409.7999878,4878.100098,218,94.59999847,125.0999985,3271.550049,712.4000244,795.8499756,3776.050049,17018.94922,7442.450195,2480.100098,78.25,55.95000076,,,813.5499878,740.0999756,711.5899048,,,15154.5498,,,,,,137.75,844.9000244,,,,,,,984.2000122,,,,5110.100098,,,,73.15000153,,,,79.69999695,,,,,,,,,,2889.5,,,,2800.350098,,215.6000061,,678.5499878,,,47.84999847,,,1089.949951,,,,,351.1000061,,,,1140.449951,2001.449951,,,,,,,161.3999939,,,738,,,,,216.3999939,,1475.449951,85.75,43.15000153,78.15000153,20322.59961,,136,122.6999969,4694.649902,195.1499939,128.5,32714.25,2503.550049,228.3000031,133.4499969,2361.449951,,177,,,,,151.3000031,20.60000038,,,,,,,,1320.099976,,756.5,,,5831.700195,,298.9500122,146.8999939,134.3000031,1253.099976,3823.5,1431.300049,2077.350098,3057.850098,484.5,545.4000244,1555.199951,153.5,7576,34.59999847,705.5999756,286.5499878,1221.099976,662.5,12.80000019,255.4499969
21-09-2021 00:00,48.97000122,1441.449951,749.5999756,94.55000305,727.5499878,413.2000122,4891.600098,219.5500031,95.19999695,126.9000015,3309.199951,726.4000244,795.3499756,3728.800049,17587.25,7813.850098,2535.399902,78.65000153,54.70000076,,,815.2999878,739,713.2585449,,,15173.90039,,,,,,137.4499969,842.9000244,,,,,,,990.6500244,,,,5179.450195,,,,72.40000153,,,,80.05000305,,,,,,,,,,2850.449951,,,,2812.449951,,208.4499969,,692.2999878,,,48.5,,,1137.550049,,,,,361.6000061,,,,1123.849976,2010.949951,,,,,,,166.3500061,,,746.8499756,,,,,220.1000061,,1479.099976,88.59999847,43.09999847,79.94999695,20189.55078,,138.1000061,124.0999985,4668.899902,208.8999939,135.1999969,32479.09961,2612.5,231.75,133.3999939,2430.75,,175.8999939,,,,,151.8999939,19.89999962,,,,,,,,1323.75,,764.5,,,5619.950195,,301.9500122,149.6499939,135.8500061,1292.199951,3862.949951,1461.699951,2085.850098,3043.600098,491,533.1500244,1601.300049,153.0500031,7592.700195,34.95000076,721.8499756,292.8999939,1224.900024,667.5999756,13,255.6999969
22-09-2021 00:00,48.97000122,1437.75,745.2999878,95.90000153,735.75,419.5,4904.899902,232.5500031,97.09999847,128.3000031,3317.5,731.0999756,788.3499756,3757.149902,17614.75,7793.649902,2692.199951,79.69999695,54.5,,,812,740.8499756,713.3567505,,,15301.5,,,,,,139.1999969,911.5499878,,,,,,,1022.200012,,,,5139.899902,,,,73.90000153,,,,81.09999847,,,,,,,,,,2847.199951,,,,2784.5,,220.8999939,,687.8499756,,,48.5,,,1141.400024,,,,,365.9500122,,,,1178.949951,1985.550049,,,,,,,171.3500061,,,773.5,,,,,224.8000031,,1543.5,90.75,44,81.05000305,19925.19922,,144.6000061,124.4000015,4672.899902,217,133.6499939,33348.85156,2638.100098,233.1499939,135,2418,,176.75,,,,,152.6000061,20.75,,,,,,,,1346.5,,770.0999756,,,5580.149902,,310.1000061,153.3000031,137.8500061,1305.800049,3862.149902,1513.599976,2081.050049,3085.5,492.9500122,540.0999756,1638.949951,152.25,7625.600098,35.04999924,724.9000244,294.8999939,1238.599976,668.1500244,13.14999962,336.7999878
23-09-2021 00:00,49.43000031,1474.349976,754.5,97.05000305,736.2999878,419.5499878,5084.200195,236.9499969,97.59999847,128.8500061,3320.649902,733.4500122,812.1500244,3799.199951,18503.84961,7899.049805,2648.550049,79.65000153,54.59999847,,,821.0999756,764.2999878,713.4058228,,,15369.2998,,,,,,141.1499939,939.3499756,,,,,,,1027.800049,,,,5212.100098,,,,74.05000305,,,,81.84999847,,,,,,,,,,2853.050049,,,,2782.300049,,229.6499939,,685.75,,,48.5,,,1169.150024,,,,,371.1499939,,,,1167,2024,,,,,,,174,,,829.1500244,,,,,227.5500031,,1519.949951,91.05000305,47,82.84999847,19839,,142.8999939,126.1999969,4698.049805,213.8500061,137.75,33123.75,2779.600098,233.8000031,138.25,2435,,178.25,,,,,155.3999939,21.20000076,,,,,,,,1383.099976,,769.8499756,,,5726.799805,,321.5,164.75,143.6499939,1318.699951,3869.25,1521.5,2105.050049,3101.050049,495.1499939,539.7000122,1654.349976,152.6499939,7619.700195,34.84999847,726.8499756,299.6000061,1248.599976,674.2999878,13,318.2000122
24-09-2021 00:00,50.13999939,1461.699951,744.7999878,95.84999847,735.7999878,410.7000122,4731.799805,228.8000031,95.90000153,127.4000015,3448.600098,721.5499878,798.0499878,3809.800049,18526,7793.399902,2656.199951,77.84999847,53.95000076,,,840.0999756,749.7999878,725.7736206,,,15255.2998,,,,,,139.1000061,954.75,,,,,,,994.7999878,,,,5108.549805,,,,73.44999695,,,,80.84999847,,,,,,,,,,2833.449951,,,,2746.649902,,225.8500061,,673.5,,,47.09999847,,,1163.050049,,,,,359.1499939,,,,1242.150024,2028.099976,,,,,,,173,,,827.7000122,,,,,224.6999969,,1505.050049,88.5,46.34999847,81.5,19864.25,,140,124.25,4710.399902,217,136.1000061,33631.19922,2767.5,235.3999939,135.1499939,2451.949951,,176.1499939,,,,,152.6000061,21.39999962,,,,,,,,1355.699951,,770.4500122,,,5866.950195,,317.9500122,161.3000031,139.1000061,1272.099976,3871.300049,1514.75,2092.899902,3100.100098,498.5499878,537.2000122,1605.849976,151.3500061,7521.5,34.59999847,718.6500244,293.1000061,1228.75,676.5,12.85000038,318.8999939
27-09-2021 00:00,49.81000137,1531.25,750.25,97,762.8499756,418,4565.549805,231.8500061,95.30000305,130.3999939,3430.649902,722,796.9500122,3913.399902,18031.09961,7795.450195,2628.800049,78,53.09999847,,,830.7000122,780.6500244,722.5499878,,,15796.7998,,,,,,137.1499939,946.1500244,,,,,,,998.4000244,,,,4932.549805,,,,72.55000305,,,,81.59999847,,,,,,,,,,2912.949951,,,,2709.5,,233,,663.6500244,,,46.84999847,,,1150.699951,,,,,357.7999878,,,,1227.650024,2033.349976,,,,,,,172.8999939,,,821.6500244,,,,,233.5,,1493.300049,90.05000305,47.5,81,19642.19922,,139.8500061,126.8499985,4584.850098,219.3000031,140,32980.75,2751.850098,237.3999939,135.75,2405.550049,,176,,,,,151.6000061,21.89999962,,,,,,,,1324.150024,,763.0499878,,,5720.899902,,331.6499939,172.25,138.75,1270.5,3836.949951,1464.400024,2090.25,3088.550049,494.8999939,555.2000122,1555.550049,153.1999969,7622.899902,34.59999847,725.8499756,287.6000061,1218.199951,653.9000244,12.89999962,322.25
28-09-2021 00:00,49.63000107,1487.300049,738.7000122,96,753.3499756,413.1000061,4411.049805,226.3999939,95.25,129.6499939,3379.699951,725.0499878,789.2000122,3908.699951,17550.34961,7543.299805,2545.949951,79.44999695,53.04999924,,,819.2999878,755.9000244,696.1500244,,,15735.2002,,,,,,139.1000061,924.6500244,,,,,,,1001.5,,,,4784.049805,,,,73.84999847,,,,80.90000153,,,,,,,,,,2920.550049,,,,2723.850098,,226.3999939,,664,,,46.25,,,1134.75,,,,,361.3999939,,,,1194.650024,2068.199951,,,,,,,169.4499969,,,826.9500122,,,,,230.8500061,,1463.449951,89,46.90000153,80.75,19544.75,,140.5,131.9499969,4578.25,233.25,142.1999969,32726.05078,2683.5,239.3999939,143.1000061,2411,,183.9499969,,,,,159.3000031,21.14999962,,,,,,,,1313.199951,,775.0999756,,,5665.649902,,329.2999878,171.8999939,140.0500031,1280.949951,3779.149902,1414.050049,2129.300049,3107.850098,503.25,555.5999756,1564.699951,151.8999939,7588.299805,35,716.7999878,290.6499939,1208.949951,639.5999756,12.75,309.1499939
29-09-2021 00:00,49.58000183,1485.650024,742,98.30000305,756.5499878,406.4500122,4423.5,224.6999969,94.69999695,129.3500061,3323.050049,727.9500122,782.1500244,3899.25,17433.75,7515.399902,2504.949951,81.69999695,55.09999847,,,817.1500244,744.2000122,694.0999756,,,15638.2002,,,,,,139.4499969,924.1500244,,,,,,,996.9500122,,,,4806.450195,,,,75.30000305,,,,81.34999847,,,,,,,,,,2886.149902,,,,2685.300049,,228.5500031,,673,,,48.29999924,,,1123.199951,,,,,382.5,,,,1187.800049,2030.449951,,,,,,,173.25,,,827.1500244,,,,,229.8500061,,1469.5,94.40000153,48.15000153,81.90000153,19506.75,,142.8999939,140.6499939,4533.649902,254.4499969,144.75,32338.59961,2642.149902,239.5,144.25,2402.25,,195.0500031,,,,,162.3500061,22.20000076,,,,,,,,1300.349976,,811.2999878,,,5597.75,,330.25,180.3000031,151.6000061,1295.550049,3791.899902,1395.349976,2147.5,3134.850098,516.4000244,550.75,1557.050049,152.8500061,7464.549805,36.40000153,717.1500244,292.1499939,1205.199951,640.75,12.30000019,309.8999939
30-09-2021 00:00,50,1468.099976,737.9000244,97.09999847,749.7999878,400.2000122,4481.600098,225.6999969,94.44999695,133.8000031,3244.649902,724.7999878,766.5499878,3832.649902,17786.75,7668.100098,2533.649902,81.75,55.5,,,809,737.4500122,688.2999878,,,15474.5,,,,,,140.1999969,936.7999878,,,,,,,991.9500122,,,,4798.700195,,,,78.75,,,,84.30000305,,,,,,,,,,2832.5,,,,2701.800049,,231.6499939,,671.8499756,,,47.65000153,,,1111.900024,,,,,389.25,,,,1197,2005.5,,,,,,,169.1499939,,,853.0999756,,,,,225.9499969,,1450.300049,93.40000153,48.70000076,82.44999695,19445.55078,,143,141.8500061,4555.950195,260.2000122,144.5,31704.90039,2595.800049,238.5500031,142.1000061,2381.949951,,189.8999939,,,,,157.8500061,21.64999962,,,,,,,,1298.849976,,818.25,,,5594.049805,,333.3500061,189.3000031,158.75,1288.900024,3775.550049,1380.599976,2161.850098,3085.5,505.0499878,549.4500122,1571.5,155.6999969,7396.100098,36.25,707.7000122,287.6499939,1218.050049,634.0999756,12.55000019,303.2000122
01-10-2021 00:00,48.45000076,1458.699951,734.9500122,96.94999695,766.7999878,402.25,4459.399902,224.25,94.44999695,130.75,3177.850098,717.2999878,768.1500244,3852.600098,17177.80078,7522.75,2541.399902,82.44999695,56.59999847,,,810.4000244,727.5999756,675.9000244,,,15447.5498,,,,,,140.1000061,916.2999878,,,,,,,918.0999756,,,,4832.299805,,,,78.19999695,,,,83.15000153,,,,,,,,,,2847.949951,,,,2704.050049,,234.4499969,,667.7999878,,,47.34999847,,,1104.050049,,,,,401.7000122,,,,1199.349976,1993.550049,,,,,,,179.5500031,,,865.1500244,,,,,224.8999939,,1533.800049,95.5,48.20000076,81.90000153,19549.94922,,143.6499939,139.8999939,4512.25,250.0500031,146.25,32281.05078,2655.399902,235.6000061,139.8999939,2417.25,,191.8500061,,,,,156.1000061,20.95000076,,,,,,,,1294.550049,,826.5999756,,,5782.799805,,333.2999878,186.5500031,163.75,1297.849976,3730.199951,1371.25,2163.75,3080.550049,501.3999939,563.9500122,1577.449951,153.1499939,7483.549805,36.45000076,712.6500244,285.8500061,1215.25,636.25,12.85000038,295.8500061
04-10-2021 00:00,49.31000137,1526.650024,744.2000122,101.75,766.0499878,406.5,4548.25,228.1000061,102.8000031,129.8500061,3201.600098,732.1500244,779,3825.949951,17806.19922,7695.049805,2520.800049,84.34999847,57.79999924,,,820.7999878,741.9500122,681.4000244,,,15479.09961,,,,,,140.6000061,920.8499756,,,,,,,893.2999878,,,,5220.700195,,,,78.84999847,,,,85.05000305,,,,,,,,,,2855.550049,,,,2686.199951,,239.3000031,,676.5,,,47.65000153,,,1119.800049,,,,,418.3999939,,,,1196.900024,1990.949951,,,,,,,182.6499939,,,866.7999878,,,,,226.3999939,,1520.849976,105.0500031,47.75,83,19492.94922,,148.3999939,145.5500031,4622.25,241.6000061,147.6000061,33068.85156,2786.25,235.8999939,141.8500061,2421,,191.6499939,,,,,158.8500061,21.10000038,,,,,,,,1350.75,,832,,,5889.600098,,342,188.8500061,168.6000061,1324.150024,3773.300049,1399.050049,2155.300049,3129.550049,502.6000061,560.5,1602.199951,154.3999939,7515.600098,37.59999847,702.9500122,298.2999878,1227.25,641.0499878,13.10000038,301.25
05-10-2021 00:00,50.91999817,1527.650024,743.9500122,106.5,765.5,403.6499939,4482.399902,225.25,108.6999969,132.25,3254.75,724,782.5999756,3864,17847.5,7724.200195,2537.199951,83.34999847,57.5,,,825.4500122,722.9000244,699.25,,,15473.40039,,,,,,141.1999969,932.3499756,,,,,,,899.8499756,,,,5217.850098,,,,77.65000153,,,,85.75,,,,,,,,,,2844.550049,,,,2708.649902,,241.8500061,,678.9000244,,,47.95000076,,,1168.599976,,,,,421.1499939,,,,1204.5,1982.349976,,,,,,,184.3000031,,,882.3499756,,,,,226.5500031,,1521,102.4000015,47.90000153,82.15000153,19395.55078,,146.6499939,145.3999939,4703.049805,242.9499969,163.6499939,33871.39844,2922.449951,232.3500061,142.4499969,2436.350098,,189.9499969,,,,,161.6499939,20.95000076,,,,,,,,1335.25,,820.5,,,5840.149902,,344.9500122,188.3000031,179.3999939,1316.849976,3833.300049,1413.050049,2192.649902,3129.300049,515.1500244,562,1613.349976,153.6000061,7464,37.09999847,714.6500244,303,1250.25,646.8499756,13.10000038,299.4500122
06-10-2021 00:00,50.36000061,1479.550049,724,101.5500031,749.7000122,394.8999939,4378.75,222.3000031,103.6999969,129.8500061,3212.25,715.3499756,778.9500122,3770.050049,17616.59961,7735.149902,2508.25,82.30000305,56.09999847,,,821.0999756,721.6500244,691.4000244,,,17277.34961,,,,,,144.5500031,924.2000122,,,,,,,882.5999756,,,,5136.549805,,,,76.19999695,,,,84.40000153,,,,,,,,,,2798.149902,,,,2686.050049,,241.3999939,,678.6500244,,,47,,,1131.849976,,,,,409.6499939,,,,1225.550049,1955.75,,,,,,,184.3000031,,,873.6500244,,,,,223.75,,1501.099976,96.65000153,46.90000153,83.30000305,19157.15039,,143.3500061,143.3000031,4660.25,248.5500031,168.1000061,33889.5,2842.149902,230.25,139.75,2415.649902,,187.6000061,,,,,157.3000031,20.70000076,,,,,,,,1303.199951,,800.5999756,,,6163.950195,,336.0499878,179.1999969,175.9499969,1279.900024,3810.899902,1385.650024,2147.649902,3064.949951,505.7000122,544,1589.150024,151.8000031,7363,36.45000076,727.2999878,290.9500122,1229.900024,635.75,13.05000019,294.7000122
